,WL_HOME,AVG_10_PLUS_MINUS_DIFF
145,1,1.5999999999999999
150,1,5.5
153,0,-6.3
155,0,2.5
156,1,-5.2
157,1,0.09999999999999998
158,1,16.8
159,1,-3.1
160,1,10.8
161,1,4.5
162,1,9.4
163,0,-6.9
164,1,-14.0
165,1,-8.5
166,1,-1.4000000000000001
167,1,2.3
169,1,-3.5000000000000004
170,1,-12.8
171,1,16.6
172,0,-17.5
173,1,-4.2
174,1,9.3
175,0,-1.5000000000000004
176,0,-7.3
177,0,-1.3000000000000007
178,0,-5.1000000000000005
179,1,-3.9
180,0,-1.0
181,1,7.2
182,1,23.0
183,1,1.9
184,1,-13.1
185,1,5.0
186,0,-0.8
187,0,-9.2
188,1,7.6
189,0,-8.100000000000001
190,0,-13.4
191,0,11.8
192,1,4.7
193,1,6.1
194,1,8.8
195,0,-5.5
196,1,-4.0
197,1,0.2999999999999998
198,0,0.9000000000000004
199,1,12.700000000000001
200,1,-4.5
201,1,8.8
202,1,-4.0
203,1,-0.09999999999999964
204,1,8.9
205,1,10.4
206,0,-24.6
207,1,5.5
208,1,-4.4
209,1,-0.20000000000000018
210,0,-4.4
211,1,2.7
212,1,17.9
213,0,4.0
214,1,14.600000000000001
215,0,-10.0
216,1,4.9
217,1,-6.2
218,1,-3.8999999999999995
219,1,8.0
220,0,-10.4
221,1,6.6
222,1,-0.7999999999999998
223,1,12.5
224,1,4.1
225,0,-22.5
226,1,-7.5
227,1,11.7
228,0,0.6000000000000005
229,1,-4.499999999999999
230,0,-16.1
231,1,8.8
232,0,-8.0
233,0,-6.200000000000001
234,0,-4.5
235,0,-2.3000000000000007
236,0,-2.7
237,1,3.6000000000000005
238,1,9.0
239,1,14.0
240,1,13.6
241,0,-10.1
242,0,-13.2
243,0,-6.3999999999999995
244,1,4.6
245,1,-3.7
246,1,8.2
247,0,-12.900000000000002
248,0,5.2
249,1,2.3
250,1,9.4
251,0,4.0
252,1,-6.799999999999999
253,1,4.1
254,1,-0.7999999999999998
255,0,-6.8999999999999995
256,1,13.0
257,0,-7.8
258,0,-17.3
259,1,23.3
260,1,-7.699999999999999
261,1,4.3
262,1,1.2999999999999998
263,0,-12.2
264,1,9.5
265,0,0.09999999999999998
266,1,24.1
267,1,8.799999999999999
268,0,-18.6
269,0,-12.4
270,0,-10.0
271,1,-16.0
272,1,13.0
273,1,4.8999999999999995
274,0,7.699999999999999
275,0,-10.600000000000001
276,0,-8.4
277,1,-2.1
278,1,-10.0
279,1,-3.0
280,1,21.3
281,1,-8.5
282,1,16.1
283,0,-0.30000000000000027
284,0,-10.2
285,1,9.9
286,1,8.0
287,1,10.7
288,0,-5.9
289,0,7.1000000000000005
290,1,2.8999999999999995
291,0,-1.200000000000001
292,0,-11.3
293,0,-9.200000000000001
294,1,19.0
295,1,-10.900000000000002
296,0,4.6
297,1,6.9
298,1,12.5
299,0,-1.7999999999999998
300,1,-16.7
301,0,-14.5
302,0,-15.0
303,0,3.7
304,0,-2.3
305,0,-9.7
306,1,3.4
307,0,-14.3
308,1,-3.0999999999999996
309,1,1.2000000000000002
310,0,-11.3
311,1,-3.6
312,1,-1.5999999999999999
313,0,-11.0
314,1,14.700000000000001
315,0,-13.1
316,0,1.5
317,1,-10.9
318,0,-2.0000000000000004
319,1,-3.4999999999999996
320,1,-3.9000000000000004
321,0,-9.5
322,0,5.699999999999999
323,0,-16.4
324,1,4.1
325,0,-11.100000000000001
326,1,-2.3999999999999995
327,1,9.1
328,1,-1.2999999999999998
329,1,1.2999999999999998
330,1,23.4
331,0,-17.8
332,1,20.4
333,1,13.8
334,1,6.4
335,0,22.1
336,1,-6.199999999999999
337,1,1.700000000000001
338,0,4.4
339,0,-11.3
340,0,-3.4000000000000004
341,1,13.200000000000001
342,0,-10.9
343,1,18.5
344,1,24.1
345,0,-3.5
346,0,-15.7
347,0,0.6000000000000005
348,0,11.399999999999999
349,0,0.5
350,1,0.0
351,1,9.6
352,1,3.9000000000000004
353,1,9.2
354,1,0.39999999999999947
355,1,30.8
356,1,-4.7
357,0,-25.700000000000003
358,1,-4.0
359,0,1.9999999999999996
360,0,5.899999999999999
361,0,-10.9
362,0,4.1
363,0,-2.6000000000000005
364,0,10.6
365,1,4.1000000000000005
366,0,11.3
367,1,2.9
368,0,-4.000000000000001
369,0,-10.6
370,1,21.3
371,0,-8.5
372,0,-15.3
373,1,1.2999999999999998
374,0,-5.0
375,0,5.4
376,0,-12.899999999999999
377,0,15.0
378,0,-23.2
379,0,3.6999999999999997
380,0,4.3
381,1,2.6999999999999997
382,1,-8.9
383,1,4.499999999999999
384,0,9.8
385,1,-1.4000000000000001
386,1,31.900000000000002
387,1,-8.5
388,0,-4.699999999999999
389,0,-11.5
390,1,6.2
391,1,20.3
392,0,-20.700000000000003
393,1,0.10000000000000009
394,0,16.2
395,1,12.899999999999999
396,1,-5.0
397,0,-3.5
398,1,16.8
399,0,11.2
400,1,7.7
401,1,-5.3
402,1,-6.300000000000001
403,1,-6.500000000000001
404,0,-14.3
405,1,-5.5
406,0,3.1999999999999993
407,1,5.8999999999999995
408,1,2.5
409,0,6.800000000000001
410,0,-10.1
411,1,-11.899999999999999
412,0,2.9
413,1,9.8
414,0,-0.6000000000000001
415,1,-7.1000000000000005
416,0,-1.299999999999999
417,0,-6.8
418,1,10.000000000000002
419,1,-14.6
420,1,10.4
421,1,12.5
422,1,0.29999999999999893
423,1,4.6
424,1,6.7
425,1,3.9
426,1,10.600000000000001
427,1,1.6
428,0,-4.3
429,1,8.200000000000001
430,1,13.5
431,0,-12.9
432,1,-0.2999999999999998
433,0,0.7999999999999999
434,0,-30.7
435,0,-12.2
436,1,9.7
437,0,-3.0
438,1,11.7
439,1,-3.4000000000000004
440,1,9.3
441,1,-8.9
442,0,1.2999999999999998
443,1,1.4000000000000001
444,1,4.9
445,0,-6.7
446,0,5.1
447,0,-8.4
448,0,11.399999999999999
449,0,-14.7
450,1,-6.1000000000000005
451,1,-7.0
452,1,1.5
453,0,-6.8
454,0,-0.09999999999999964
455,0,13.5
456,1,-14.0
457,0,-9.2
458,1,-9.700000000000001
459,1,-1.2999999999999998
460,0,11.7
461,1,10.2
462,1,-4.9
463,0,7.8
464,0,9.200000000000001
465,1,1.0999999999999996
466,1,1.1
467,0,-22.299999999999997
468,0,-9.600000000000001
469,1,-5.9
470,1,21.9
471,0,7.5
472,1,1.5
473,0,-4.3
474,0,5.300000000000001
475,0,-8.700000000000001
476,1,13.6
477,1,-8.4
478,1,5.1
479,1,2.6
480,1,2.3000000000000003
481,0,0.9000000000000004
482,0,-4.6
483,0,12.200000000000001
484,1,16.6
485,1,8.2
486,1,-6.1
487,0,-1.3000000000000003
488,1,2.9000000000000004
489,1,-4.3999999999999995
490,0,6.8
491,1,-11.600000000000001
492,0,10.2
493,1,12.8
494,1,-8.8
495,0,-6.3999999999999995
496,0,-8.5
497,1,-0.19999999999999973
498,1,7.3
499,0,-13.100000000000001
500,1,-4.1
501,1,7.1
502,1,-1.6
503,1,8.2
504,0,1.7000000000000002
505,1,-4.8
506,1,19.3
507,1,-1.9999999999999996
508,0,-0.7999999999999998
509,1,16.8
510,0,1.6999999999999993
511,1,4.2
512,1,-3.3000000000000003
513,0,-2.0999999999999996
514,1,-4.800000000000001
515,0,2.0999999999999996
516,1,-1.2000000000000002
517,0,-2.5000000000000004
518,1,-9.100000000000001
519,1,-4.0
520,1,23.6
521,1,6.5
522,1,8.6
523,1,-12.5
524,0,-7.6
525,1,-9.5
526,0,6.3999999999999995
527,0,9.6
528,0,-7.0
529,0,-6.1
530,0,5.799999999999999
531,0,-7.0
532,0,-3.5000000000000004
533,1,-0.9
534,1,1.8
535,1,11.3
536,0,-6.7
537,0,-4.4
538,1,3.1000000000000005
539,1,-7.5
540,1,-7.9
541,0,-7.3
542,1,-14.7
543,1,-1.5
544,0,-11.1
545,0,-4.800000000000001
546,1,3.1
547,0,-8.5
548,1,0.7
549,0,5.7
550,1,1.1
551,0,2.8999999999999995
552,0,-2.8
553,0,-1.1
554,0,-9.4
555,1,6.1
556,1,4.4
557,0,3.6999999999999993
558,0,-14.1
559,1,9.4
560,0,1.9999999999999998
561,0,-12.6
562,1,-6.699999999999999
563,1,1.8
564,1,-1.5
565,0,-3.1999999999999993
566,1,-4.800000000000001
567,0,-10.5
568,1,-9.5
569,1,-0.09999999999999964
570,1,-10.4
571,0,-13.0
572,1,7.0
573,0,-0.10000000000000009
574,0,1.2
575,1,16.8
576,0,-14.200000000000001
577,1,-3.6
578,1,-0.9999999999999999
579,0,5.3
580,1,1.1999999999999997
581,0,-1.2999999999999998
582,0,-3.6999999999999997
583,1,-7.199999999999999
584,1,5.6000000000000005
585,1,-5.1
586,0,-1.2999999999999998
587,0,-16.4
588,1,1.0
589,1,8.6
590,0,-2.5
591,1,12.600000000000001
592,0,-8.9
593,1,1.2999999999999998
594,1,6.1
595,1,-4.8
596,0,-9.9
597,1,12.3
598,1,9.8
599,1,-0.2999999999999998
600,0,-10.1
601,1,-9.0
602,0,-15.4
603,1,4.800000000000001
604,0,-0.7
605,0,9.899999999999999
606,0,7.799999999999999
607,0,9.0
608,1,5.7
609,1,3.3
610,0,-7.0
611,0,2.5000000000000004
612,1,-7.4
613,1,-3.5000000000000004
614,0,-3.5
615,1,11.0
616,1,-8.600000000000001
617,0,-12.2
618,1,9.2
619,1,8.2
620,0,4.2
621,1,1.3
622,1,18.799999999999997
623,1,1.2
624,0,11.6
625,0,-7.799999999999999
626,1,13.7
627,1,3.0999999999999996
628,1,8.0
629,0,-9.100000000000001
630,0,1.0
631,0,-2.0
632,0,-16.700000000000003
633,1,-16.5
634,0,1.5
635,0,-12.2
636,0,-0.30000000000000004
637,1,3.1999999999999997
638,1,8.7
639,1,-6.8
640,1,4.1
641,1,-13.299999999999999
642,1,3.6000000000000005
643,0,-2.0999999999999996
644,1,16.0
645,0,-1.3
646,0,1.799999999999999
647,0,-6.4
648,0,-13.3
649,0,7.999999999999999
650,0,0.0
651,0,-11.100000000000001
652,0,0.2999999999999998
653,1,-2.7
654,0,-0.30000000000000027
655,0,1.7999999999999998
656,1,5.4
657,1,-5.3
658,1,8.600000000000001
659,0,-0.8
660,1,-1.9000000000000001
661,0,-19.799999999999997
662,1,10.700000000000001
663,0,-22.200000000000003
664,1,-13.5
665,0,-16.3
666,0,-2.8999999999999995
667,0,-8.3
668,0,-2.4999999999999996
669,0,-8.5
670,0,-19.3
671,1,8.7
672,0,-0.5
673,0,-18.1
674,0,0.5
675,0,3.1
676,0,1.1
677,0,-4.2
678,0,-13.1
679,0,-13.8
680,1,-9.2
681,1,10.6
682,0,10.0
683,0,-4.6000000000000005
684,1,8.2
685,1,0.40000000000000013
686,1,-5.200000000000001
687,0,-2.2
688,0,-6.4
689,1,-6.2
690,1,-9.0
691,1,-6.699999999999999
692,1,-2.4
693,0,-3.9999999999999996
694,0,15.200000000000001
695,0,1.5999999999999996
696,0,11.6
697,1,4.8
698,1,18.9
699,1,2.8999999999999995
700,0,-9.4
701,1,14.0
702,1,14.6
703,0,-2.5
704,1,-1.9000000000000004
705,0,6.3999999999999995
706,1,-15.5
707,0,-6.4
708,1,-5.2
709,1,-3.3
710,0,-9.4
711,1,2.7
712,1,-9.899999999999999
713,0,-18.7
714,0,13.6
715,1,-10.9
716,1,19.9
717,1,-1.5999999999999996
718,0,-9.9
719,1,-1.5999999999999999
720,0,9.399999999999999
721,0,10.399999999999999
722,0,-4.2
723,1,-4.6
724,1,0.10000000000000009
725,0,1.0999999999999996
726,1,-8.5
727,1,5.2
728,0,-8.6
729,1,-3.1999999999999997
730,1,14.3
731,0,-9.1
732,0,9.3
733,1,8.6
734,1,10.3
735,1,-4.7
736,1,11.7
737,1,-3.0999999999999996
738,1,14.4
739,1,1.5
740,0,-1.7000000000000002
741,0,-3.200000000000001
742,0,-4.7
743,0,3.6999999999999993
744,1,2.8
745,0,-13.0
746,1,-3.7
747,1,2.6
748,1,2.6
749,1,-3.2
750,1,0.5
751,0,-9.0
752,1,12.600000000000001
753,1,5.0
754,1,16.6
755,0,0.40000000000000013
756,1,-0.5
757,0,1.0
758,0,2.5999999999999996
759,1,-0.30000000000000027
760,1,12.4
761,1,13.9
762,1,0.3
763,0,-10.9
764,1,15.4
765,1,6.700000000000001
766,0,1.7999999999999998
767,1,-5.2
768,1,-8.9
769,1,12.2
770,1,18.7
771,0,-10.2
772,1,-5.4
773,1,3.8000000000000003
774,1,-9.7
775,0,-8.5
776,1,6.1000000000000005
777,0,-5.2
778,0,-5.2
779,1,-2.0
780,0,-11.2
781,0,-19.2
782,0,-5.8999999999999995
783,1,-12.600000000000001
784,1,-5.3
785,0,-4.3
786,1,2.9
787,0,-3.5999999999999996
788,0,-3.4999999999999996
789,0,-8.4
790,1,-2.3000000000000003
791,1,13.5
792,0,-11.1
793,0,-8.5
794,1,-3.2
795,0,-2.0
796,1,7.5
797,0,5.7
798,1,10.700000000000001
799,1,3.8
800,1,-7.3
801,1,2.1000000000000005
802,1,5.4
803,0,11.8
804,1,-9.5
805,1,-3.4
806,0,-0.10000000000000009
807,0,3.6999999999999997
808,1,-0.7
809,1,8.1
810,1,-12.5
811,1,1.6
812,1,-0.9000000000000004
813,1,-7.1
814,1,-3.0
815,0,7.4
816,0,-0.20000000000000018
817,1,2.8000000000000003
821,0,-16.3
822,0,-11.0
823,1,-6.0
824,1,-4.2
825,0,2.1000000000000005
826,1,-12.0
827,0,-9.7
828,1,10.1
829,0,-9.100000000000001
830,0,-5.6000000000000005
831,1,3.3
832,0,8.7
833,1,0.5999999999999996
834,0,-0.8
835,0,1.7000000000000002
836,0,3.6
837,1,11.7
838,1,-8.399999999999999
839,0,-13.2
840,0,-5.5
841,0,-6.8
842,1,7.8999999999999995
843,0,-18.3
844,1,11.1
845,1,-7.3
846,1,6.2
847,1,-1.1999999999999993
848,1,8.0
849,1,4.9
850,1,6.8
851,1,-8.4
852,0,2.6999999999999997
853,1,10.2
854,1,0.10000000000000009
855,0,-11.200000000000001
856,0,18.700000000000003
857,1,-1.3000000000000003
858,0,-14.7
859,0,2.4000000000000004
860,1,11.8
861,0,-10.6
862,0,-10.1
863,1,-2.2
864,1,2.1000000000000005
865,0,-0.5999999999999996
866,0,-6.0
867,1,-7.0
868,0,-12.1
869,1,8.5
870,1,-8.2
871,1,-3.4000000000000004
872,0,-11.0
873,0,7.3999999999999995
874,0,-19.6
875,1,0.5
876,1,3.8
877,1,2.4
878,1,-0.7999999999999998
879,1,-13.2
880,1,-5.7
881,1,2.3000000000000003
882,0,4.5
883,1,6.1
884,1,-5.6000000000000005
885,0,-8.1
886,0,20.5
887,1,10.4
888,0,12.8
889,1,-8.6
890,1,4.699999999999999
891,1,5.4
892,0,-2.8
893,1,-5.6
894,0,-4.2
895,1,-16.4
896,1,9.299999999999999
897,1,-6.200000000000001
898,0,-9.0
899,1,10.0
900,0,-12.5
901,0,-22.0
902,0,-4.799999999999999
903,0,2.6999999999999997
904,0,-8.6
905,1,-14.299999999999999
906,0,4.2
907,0,-2.5
908,1,-11.600000000000001
909,1,-16.4
910,1,6.0
911,0,20.0
912,0,-5.5
913,0,1.3000000000000007
914,0,0.9000000000000004
915,0,-7.1000000000000005
916,1,1.7999999999999998
917,0,10.3
918,0,-7.699999999999999
919,1,4.5
920,0,-4.8
921,1,-4.9
922,1,2.9000000000000004
923,0,-3.6
924,0,2.4000000000000004
925,1,10.4
926,1,1.8999999999999995
927,0,-15.1
928,0,2.6
929,0,-1.5
930,0,-5.8
931,1,4.1
932,1,-3.6000000000000005
933,0,-4.9
934,1,0.3999999999999999
935,1,2.8
936,1,-2.700000000000001
937,0,2.4
938,0,-5.199999999999999
939,1,2.5
940,0,-3.7
941,1,-5.3999999999999995
942,1,6.2
943,0,-8.1
944,0,-2.9
945,1,-7.9
946,1,-11.1
947,0,0.7999999999999998
948,1,5.6
949,0,2.3000000000000007
950,0,-3.4
951,0,7.799999999999999
952,0,5.7
953,0,-2.7
954,0,-11.0
955,1,3.8999999999999995
956,1,-0.09999999999999964
957,1,-13.1
958,1,-2.3
959,1,-10.4
960,0,-5.0
961,0,-15.3
962,1,-2.4
963,0,-0.5
964,0,9.9
965,0,-1.0999999999999999
966,1,-11.9
967,1,12.6
968,1,-1.8000000000000003
969,1,1.7000000000000002
970,1,8.4
971,0,9.6
972,1,4.7
973,0,0.7999999999999998
974,1,8.1
975,1,0.10000000000000009
976,1,1.5
977,0,-3.6
978,0,0.5999999999999999
979,0,1.0
980,1,1.0
981,1,9.2
982,1,1.5
983,0,0.3999999999999999
984,1,-0.09999999999999987
985,1,-4.2
986,0,-3.1999999999999997
987,0,-14.5
988,0,0.8000000000000007
989,1,5.8999999999999995
990,0,-3.7
991,1,6.8
992,1,-0.7
993,1,1.9
994,0,4.9
995,0,1.8
996,1,9.3
997,0,-5.3
998,0,-4.0
999,0,0.0
1000,0,12.5
1001,0,13.1
1002,1,-1.2000000000000002
1003,0,-1.2999999999999998
1004,1,-8.0
1005,0,-0.3999999999999999
1006,0,-2.3000000000000003
1007,1,-3.9000000000000004
1008,0,5.6
1009,1,-7.5
1010,0,3.2
1011,0,-1.6999999999999997
1012,1,-3.2
1013,1,5.4
1014,0,-7.4
1015,1,-2.5
1016,1,0.9000000000000004
1017,1,-2.4
1018,1,0.4
1019,0,-5.4
1020,0,9.8
1021,1,0.09999999999999998
1022,1,-5.0
1023,1,-2.7
1024,1,2.3
1025,1,-0.5999999999999996
1026,1,3.8
1027,0,-7.6
1028,0,5.4
1029,0,-1.1999999999999997
1030,0,-3.2
1031,1,-1.0
1032,1,4.9
1033,1,2.1999999999999997
1034,0,2.0
1035,0,7.8999999999999995
1036,1,-1.5000000000000002
1037,0,-5.800000000000001
1038,0,-7.7
1039,0,2.1
1040,0,-0.19999999999999973
1041,1,1.4
1042,1,-2.3
1043,0,2.8
1044,1,-10.4
1045,0,-2.4
1046,1,-1.1
1047,1,-1.2
1048,0,-4.800000000000001
1049,1,0.30000000000000004
1050,1,-1.0999999999999999
1051,1,-1.0
1052,1,-0.6000000000000001
1053,0,6.8999999999999995
1054,1,-11.6
1055,1,11.0
1056,0,-5.7
1057,1,-0.2999999999999998
1058,1,4.5
1059,0,-8.1
1060,1,-0.20000000000000018
1061,1,2.4
1062,1,13.4
1063,1,-4.4
1064,1,1.2999999999999998
1065,0,6.8
1066,0,11.0
1067,0,-5.2
1068,0,-3.0999999999999996
1069,1,-0.9000000000000004
1070,1,-2.8
1071,1,-3.4000000000000004
1072,0,-4.1
1073,0,2.8
1074,1,-11.100000000000001
1075,0,-4.3
1076,0,-7.799999999999999
1077,1,-3.6999999999999997
1078,0,-0.19999999999999996
1079,0,-3.8
1080,0,5.4
1081,0,-2.5999999999999996
1082,0,-10.9
1083,1,2.2
1084,0,14.2
1085,1,-6.199999999999999
1086,1,-5.6
1087,1,9.700000000000001
1088,0,-3.0
1089,1,-4.8
1090,0,1.5999999999999996
1091,1,-0.5
1092,1,7.6
1093,1,3.3
1094,0,4.9
1095,1,0.9
1096,1,2.5999999999999996
1097,1,3.1
1098,1,8.6
1099,1,-3.9000000000000004
1100,0,3.2
1101,1,1.1
1102,0,0.2999999999999998
1103,0,-5.6
1104,1,7.800000000000001
1105,0,9.0
1106,0,-0.20000000000000018
1107,1,2.3000000000000003
1108,0,-0.1
1109,1,-3.6
1110,1,3.1
1111,1,-8.8
1112,0,-9.9
1113,0,-9.4
1114,1,3.1
1115,0,-7.1
1116,1,3.0
1117,0,-1.9
1118,1,-4.3
1119,0,4.4
1120,0,-11.9
1121,0,-11.6
1122,1,-8.5
1123,1,8.3
1124,1,-3.0999999999999996
1125,0,-5.0
1126,1,3.4
1127,0,3.4
1128,1,-11.100000000000001
1129,1,5.6
1130,1,1.2999999999999998
1131,1,10.0
1132,1,2.9
1133,0,10.5
1134,0,-14.8
1135,0,-1.0
1136,1,-10.780000000000001
1137,0,1.6999999999999997
1138,0,-6.200000000000001
1139,1,-6.199999999999999
1140,1,5.4799999999999995
1141,0,-1.3000000000000003
1142,0,1.1999999999999993
1143,1,11.899999999999999
1144,1,2.7
1145,0,1.7200000000000002
1146,0,15.7
1147,0,-0.29999999999999893
1148,1,-1.1799999999999997
1149,0,5.6000000000000005
1150,0,1.1999999999999993
1151,0,-13.5
1152,0,-1.6200000000000003
1153,0,-4.1000000000000005
1154,0,2.0999999999999996
1155,0,-12.6
1156,0,-0.3200000000000003
1157,0,15.4
1158,0,-2.9000000000000004
1159,1,3.5200000000000005
1160,1,-11.5
1161,0,1.6999999999999993
1162,0,6.5
1163,0,-3.3200000000000003
1164,1,6.2
1165,0,3.9200000000000004
1166,1,10.3
1167,1,-9.6
1168,1,1.2200000000000006
1169,0,-7.3999999999999995
1170,1,-2.7199999999999998
1171,1,4.300000000000001
1172,1,-0.7799999999999998
1173,1,3.5999999999999996
1174,1,8.9
1175,1,-11.600000000000001
1176,0,-8.1
1177,0,9.2
1178,0,-6.6
1179,0,2.2
1180,1,-1.9000000000000004
1181,1,-0.9000000000000004
1182,0,-1.0799999999999996
1183,0,-5.6
1184,0,-7.6
1185,1,-9.7
1186,1,-8.2
1187,0,8.7
1188,0,-8.3
1189,0,10.9
1190,1,0.30000000000000027
1191,1,0.0
1192,1,-7.500000000000001
1193,1,0.9000000000000004
1194,0,2.8
1195,1,-5.4799999999999995
1196,1,-0.09999999999999964
1197,0,7.5600000000000005
1198,0,-6.300000000000001
1199,1,3.8999999999999995
1200,0,-3.8000000000000003
1201,0,-4.74
1202,1,-6.6
1203,1,-3.08
1204,1,3.6
1205,1,-2.1
1206,0,-1.3200000000000003
1207,1,-0.7
1208,0,-0.7999999999999998
1209,1,3.4
1210,1,-1.9800000000000002
1211,0,-6.74
1212,0,1.8400000000000007
1213,1,4.76
1214,0,3.3000000000000003
1215,0,-2.4000000000000004
1216,0,-8.3
1217,0,4.9799999999999995
1218,1,3.0
1219,0,9.379999999999999
1220,0,-3.8
1221,0,-4.720000000000001
1222,1,2.2399999999999998
1223,0,-2.5
1224,1,11.0
1225,1,-7.44
1226,1,-4.200000000000001
1227,0,8.36
1228,1,1.1
1229,0,12.4
1230,1,-6.14
1231,0,-3.9200000000000004
1232,0,-18.0
1233,1,-8.4
1234,0,7.9799999999999995
1235,1,1.7200000000000002
1236,0,8.4
1237,1,-0.5999999999999996
1238,1,10.6
1239,0,5.76
1240,1,-3.8400000000000007
1241,1,6.300000000000001
1242,1,7.8
1243,0,12.3
1244,1,-4.9
1245,0,-1.9200000000000002
1246,1,-3.6399999999999997
1247,1,2.2
1248,1,-13.7
1249,0,-0.7000000000000002
1250,0,16.14
1251,0,-2.5
1252,0,10.32
1253,1,-6.3
1254,0,1.1
1255,0,1.2000000000000002
1256,0,5.760000000000001
1257,0,-2.2
1258,1,3.22
1259,0,0.0
1260,1,-0.8599999999999999
1261,1,-4.8
1262,1,8.74
1263,0,-5.7
1264,1,4.82
1265,1,3.2400000000000007
1266,0,4.699999999999999
1267,1,4.74
1268,1,1.9
1269,0,-11.920000000000002
1270,0,-1.26
1271,0,23.7
1272,1,2.9000000000000004
1273,0,3.0
1274,1,4.92
1275,0,0.5800000000000001
1276,1,-3.459999999999999
1277,0,-4.300000000000001
1278,0,1.4000000000000004
1279,1,-7.5
1280,0,-2.7
1281,0,1.1400000000000001
1282,0,-9.82
1283,1,-7.16
1284,1,-6.66
1285,0,-1.74
1286,1,-1.5399999999999998
1287,1,0.7999999999999989
1288,0,-5.220000000000001
1289,1,-1.9
1290,1,-8.32
1291,0,0.5
1292,0,-5.4
1293,1,-2.4000000000000004
1294,0,1.7999999999999998
1295,1,-1.8000000000000003
1296,1,1.4600000000000002
1297,0,-13.72
1298,0,0.20000000000000018
1299,0,-0.03999999999999959
1300,1,9.8
1301,0,-0.3200000000000003
1302,0,4.3
1303,0,-4.640000000000001
1304,1,2.3000000000000003
1305,0,5.9399999999999995
1306,1,0.16000000000000014
1307,0,6.92
1308,1,-0.40000000000000013
1309,1,6.620000000000001
1310,0,-1.5
1311,0,-0.30000000000000027
1312,1,-1.9000000000000004
1313,0,-9.42
1314,0,2.9
1315,0,-7.84
1316,0,-13.84
1317,0,7.4
1318,1,-3.1000000000000005
1319,1,5.86
1320,0,-1.3
1321,0,2.88
1322,1,6.96
1323,1,0.4999999999999999
1324,0,2.6
1325,1,-5.0
1326,0,1.2400000000000002
1327,1,-2.4799999999999995
1328,1,16.14
1329,0,-9.64
1330,1,-5.000000000000001
1331,0,-6.4
1332,0,4.62
1333,1,-1.2000000000000002
1334,1,2.4
1335,1,4.4
1336,0,-0.5000000000000004
1337,0,6.74
1338,1,8.16
1339,0,1.0
1340,1,-2.8999999999999995
1341,1,6.220000000000001
1342,0,11.620000000000001
1343,1,10.1
1344,1,1.0
1345,1,0.9400000000000013
1346,0,2.2
1347,0,6.5
1348,0,16.02
1349,1,-0.7000000000000002
1350,1,-10.6
1351,0,-0.6799999999999993
1352,1,-3.0999999999999996
1353,0,11.120000000000001
1354,1,1.0
1355,0,5.4
1356,1,-11.9
1357,1,12.0
1358,0,7.1000000000000005
1359,0,0.0
1360,0,-0.10000000000000053
1361,0,1.3000000000000003
1362,1,-3.94
1363,0,-7.1
1364,0,-1.5
1365,1,4.6
1366,1,12.899999999999999
1367,1,6.0
1368,1,-0.10000000000000053
1369,0,14.600000000000001
1370,1,-7.199999999999999
1371,0,-3.2
1372,0,-2.2
1373,0,-7.800000000000001
1374,1,-9.2
1375,1,-12.6
1376,0,1.1999999999999997
1377,1,1.4
1378,1,2.6999999999999997
1379,1,-1.3600000000000003
1380,0,-13.0
1381,0,-4.7
1382,1,-0.20000000000000018
1383,0,-7.0
1384,1,4.0
1385,0,-6.200000000000001
1386,0,-1.7999999999999998
1387,0,-13.799999999999999
1388,0,-2.0
1389,0,-19.5
1390,1,-1.5
1391,0,-7.4
1392,0,-10.600000000000001
1393,0,-5.8
1394,1,0.4
1395,1,4.5
1396,1,-2.2
1397,0,-2.7
1398,0,1.3000000000000003
1399,0,-8.799999999999999
1400,1,-4.2
1401,1,-4.5
1402,1,7.0
1403,1,8.5
1404,1,-2.5000000000000004
1405,1,4.9
1406,1,-4.8
1407,0,3.6
1408,1,0.0
1409,1,2.3
1410,1,11.100000000000001
1411,1,-1.8
1412,0,0.7999999999999998
1413,0,6.8999999999999995
1414,0,-8.3
1415,0,9.9
1416,1,4.4
1417,1,6.9
1418,1,2.1999999999999997
1419,0,3.7
1420,1,-2.8000000000000003
1421,1,10.5
1422,1,-8.799999999999999
1423,0,9.3
1424,1,-0.6999999999999997
1425,1,-4.699999999999999
1426,1,6.3999999999999995
1427,1,11.3
1428,1,22.4
1429,1,-13.0
1430,0,-1.5999999999999996
1431,1,2.0999999999999996
1432,1,-0.09999999999999987
1433,0,9.1
1434,0,-5.1
1435,0,2.3
1436,1,-0.6000000000000001
1437,1,11.0
1438,0,-2.1000000000000005
1439,0,4.0
1440,1,9.6
1441,0,-1.2
1442,1,-14.6
1443,1,17.2
1444,0,-0.8000000000000003
1445,1,0.9
1446,1,-1.5
1447,0,-4.1
1448,0,-10.1
1449,1,-11.5
1450,0,-1.5
1451,0,-7.7
1452,0,-8.9
1453,0,-5.3
1454,1,-7.8999999999999995
1455,1,5.2
1456,1,4.300000000000001
1457,0,4.1
1458,1,3.5999999999999996
1459,1,17.3
1460,0,-5.7
1461,1,6.3
1462,0,-7.2
1463,1,2.1999999999999997
1464,1,7.8
1465,0,-1.2000000000000002
1466,1,-7.5
1467,1,-4.2
1468,1,-11.299999999999999
1469,0,-7.2
1470,0,-18.0
1471,0,8.0
1472,1,7.199999999999999
1473,1,1.5999999999999999
1474,1,10.899999999999999
1475,1,-12.4
1476,1,2.0
1477,0,-1.1999999999999993
1478,1,-3.5999999999999996
1479,0,0.7
1480,1,-6.2
1481,0,1.5
1482,0,1.4000000000000004
1483,1,-11.299999999999999
1484,0,-12.4
1485,1,-1.9999999999999996
1486,1,7.0
1487,0,2.5999999999999996
1488,1,15.100000000000001
1489,1,-4.6
1490,1,-11.8
1491,1,1.9999999999999998
1492,0,-19.3
1493,0,10.4
1494,1,19.4
1495,0,-7.6
1496,0,-5.0
1497,1,-10.5
1498,0,-4.3
1499,0,-19.1
1500,1,-6.700000000000001
1501,1,1.9000000000000004
1502,1,-0.6000000000000001
1503,1,-5.199999999999999
1504,0,-7.0
1505,0,-3.4
1506,0,-1.0
1507,0,-3.8000000000000007
1508,1,-1.2
1509,0,3.0
1510,1,-0.8000000000000007
1511,0,-12.799999999999999
1512,1,-8.899999999999999
1513,1,11.8
1514,0,-3.1999999999999997
1515,1,-8.3
1516,1,-1.3000000000000007
1517,0,-1.5000000000000004
1518,0,1.2000000000000002
1519,0,-10.4
1520,1,4.7
1521,0,-8.5
1522,0,-7.9
1523,1,1.0
1524,1,-2.5
1525,0,-3.8999999999999995
1526,1,-12.0
1527,0,-2.6
1528,0,-0.39999999999999947
1529,0,-12.3
1530,1,-6.2
1531,1,15.8
1532,1,-6.9
1533,1,-19.4
1534,1,-5.4
1535,0,-1.2
1536,1,7.3999999999999995
1537,0,9.5
1538,0,-8.399999999999999
1539,0,-0.20000000000000018
1540,1,5.0
1541,0,-19.700000000000003
1542,0,0.39999999999999947
1543,0,-8.24
1544,0,11.7
1545,1,0.0
1546,0,-9.62
1547,0,-1.0
1548,0,-10.1
1549,1,-8.2
1550,0,-1.6000000000000005
1551,0,-13.38
1552,0,-1.6999999999999997
1553,0,10.2
1554,1,0.7000000000000002
1555,1,-0.7000000000000002
1556,1,-0.39999999999999947
1557,1,11.4
1558,0,-13.100000000000001
1559,1,-3.6800000000000006
1560,1,1.7600000000000002
1561,1,-5.78
1562,1,-13.14
1563,1,7.24
1564,0,8.16
1565,0,-7.0
1566,1,-7.7
1567,0,10.9
1568,1,0.6000000000000001
1569,1,5.500000000000001
1570,0,-13.28
1571,0,4.9
1572,1,-2.0
1573,1,-8.459999999999999
1574,0,-5.3999999999999995
1575,1,-6.44
1576,1,12.5
1577,0,2.88
1578,1,11.1
1579,0,13.8
1580,1,-6.26
1581,1,-5.8
1582,1,9.68
1583,1,5.16
1584,1,-3.9
1585,0,-2.96
1586,0,-5.34
1587,0,-16.2
1588,1,-2.8
1589,1,-9.72
1590,1,-8.0
1591,0,-12.0
1592,1,14.5
1593,1,-0.6200000000000001
1594,1,10.9
1595,1,0.0
1596,1,-8.2
1597,0,-2.8
1598,1,15.84
1599,1,-2.3999999999999995
1600,0,5.0600000000000005
1601,1,11.66
1602,0,9.899999999999999
1603,0,-4.1
1604,1,1.58
1605,0,11.8
1606,0,3.2199999999999998
1607,0,-10.2
1608,1,-9.7
1609,1,8.0
1610,1,8.7
1611,1,1.6199999999999997
1612,1,0.8399999999999999
1613,0,6.74
1614,0,-3.38
1615,1,12.979999999999999
1616,1,-0.96
1617,0,-5.26
1618,1,-11.7
1619,0,3.9000000000000004
1620,1,-8.1
1621,1,-12.3
1622,0,1.82
1623,1,12.8
1624,1,-0.40000000000000036
1625,0,7.5
1626,1,20.6
1627,0,-3.0
1628,0,1.7
1629,1,11.5
1630,1,9.92
1631,1,21.540000000000003
1632,1,5.279999999999999
1633,1,-4.760000000000001
1634,0,3.4000000000000004
1635,0,-5.26
1636,0,3.5
1637,0,-5.800000000000001
1638,1,-8.0
1639,0,1.48
1640,1,-9.8
1641,1,5.7
1642,1,6.540000000000001
1643,1,8.7
1644,0,-1.9800000000000004
1645,0,3.08
1646,0,-0.8
1647,1,-16.700000000000003
1648,0,0.14000000000000012
1649,1,3.7800000000000002
1650,0,1.0
1651,0,-0.20000000000000018
1652,0,-2.0
1653,1,9.8
1654,1,-17.84
1655,0,-18.299999999999997
1656,1,1.1799999999999997
1657,0,0.20000000000000018
1658,1,1.58
1659,1,-6.28
1660,1,0.45999999999999996
1661,0,-9.9
1662,1,-4.24
1663,0,-9.32
1664,1,5.1
1665,0,2.8
1666,0,9.76
1667,1,-9.08
1668,1,8.2
1669,0,-16.900000000000002
1670,0,2.6
1671,1,5.3
1672,1,4.540000000000001
1673,1,1.6000000000000005
1674,1,4.7
1675,0,-9.940000000000001
1676,1,1.9200000000000008
1677,0,-3.9
1678,1,3.1400000000000006
1679,1,10.380000000000003
1680,0,7.9
1681,0,2.0000000000000004
1682,1,-16.52
1683,1,7.300000000000001
1684,1,9.5
1685,1,0.23999999999999977
1686,1,8.8
1687,0,5.34
1688,1,0.7999999999999999
1689,0,-3.3000000000000003
1690,1,-1.98
1691,0,-5.0
1692,1,11.66
1693,0,14.9
1694,1,4.3
1695,1,-5.66
1696,1,-1.2999999999999998
1697,1,11.0
1698,1,-0.5
1699,1,5.9
1700,1,11.0
1701,1,-0.74
1702,1,-9.7
1703,1,1.9799999999999995
1704,0,7.8
1705,0,-6.300000000000001
1706,1,-2.6999999999999997
1707,1,16.939999999999998
1708,1,-12.9
1709,0,8.0
1710,1,-2.6
1711,1,-1.9000000000000004
1712,0,-3.5999999999999996
1713,1,6.800000000000001
1714,0,-18.5
1715,1,-4.119999999999999
1716,0,17.8
1717,0,8.4
1718,0,-5.8
1719,1,7.3999999999999995
1720,1,5.5
1721,0,-5.8
1722,1,-8.899999999999999
1723,0,-8.0
1724,0,-20.0
1725,1,-1.7999999999999998
1726,1,4.2
1727,0,-13.1
1728,1,-0.09999999999999998
1729,0,-11.0
1730,1,1.2999999999999998
1731,0,-5.8999999999999995
1732,1,-0.49999999999999983
1733,0,-6.4
1734,1,-14.38
1735,0,-7.200000000000001
1736,0,5.9
1737,0,-3.5
1738,1,-9.7
1739,1,-4.9
1740,0,0.5
1741,0,-13.5
1742,0,-8.6
1743,0,-6.0
1744,1,-7.6
1745,0,-1.8800000000000001
1746,0,-27.9
1747,1,-9.1
1748,0,8.2
1749,1,8.6
1750,1,-1.8999999999999997
1751,0,-4.3
1752,0,8.1
1753,0,0.52
1754,1,1.4000000000000001
1755,1,7.300000000000001
1756,0,-9.1
1757,1,13.1
1758,1,4.9
1759,0,4.9
1760,1,0.20000000000000007
1762,1,2.7
1763,1,1.1
1764,0,-1.8000000000000003
1765,0,-0.7
1766,1,8.1
1767,1,-3.4
1768,0,13.02
1769,1,9.2
1770,1,10.400000000000002
1771,1,-10.6
1772,1,-0.5
1773,1,-1.6
1774,0,-17.2
1775,0,-3.9999999999999996
1776,1,2.0200000000000005
1777,0,-7.5
1778,1,26.799999999999997
1779,0,-0.7000000000000002
1780,1,-1.7999999999999998
1781,1,7.300000000000001
1782,0,4.4
1783,0,17.1
1784,0,-6.7
1785,0,-1.5
1786,0,-8.5
1787,1,5.3
1788,1,-0.7999999999999999
1789,1,13.5
1790,0,-16.5
1791,1,-13.399999999999999
1792,1,-10.4
1793,1,6.9
1794,0,-14.2
1795,1,-2.2799999999999994
1796,1,0.7
1797,1,-5.6
1798,1,11.1
1799,0,3.9000000000000004
1800,1,10.200000000000001
1801,1,9.600000000000001
1802,1,10.9
1803,0,-5.1
1804,0,-11.5
1805,1,4.0
1806,0,-4.300000000000001
1807,1,15.0
1808,0,-24.6
1809,1,12.0
1810,0,-3.5
1811,1,-6.12
1812,1,10.0
1813,1,3.5
1814,1,6.0
1815,1,-7.5
1816,0,3.9000000000000004
1817,0,-3.1000000000000005
1818,1,-3.0
1819,1,2.4000000000000004
1820,0,-13.4
1821,1,2.6
1822,0,2.2
1823,0,-12.299999999999999
1824,0,23.200000000000003
1825,1,-10.3
1826,1,-4.720000000000001
1827,1,9.8
1828,1,5.6000000000000005
1829,1,12.3
1830,1,18.9
1831,0,-17.3
1832,1,-3.4
1833,0,11.9
1834,0,2.7
1835,0,-10.899999999999999
1836,1,-19.8
1837,0,-5.6
1838,1,8.8
1839,0,11.100000000000001
1840,1,13.0
1841,1,0.0
1842,0,-2.499999999999999
1843,1,5.6
1844,1,7.3
1845,1,3.8
1846,1,12.899999999999999
1847,0,-11.6
1848,0,-1.5
1849,0,4.5
1850,1,9.9
1851,0,-13.4
1852,1,2.8000000000000007
1853,0,10.799999999999999
1854,0,-1.4
1855,0,-2.1
1856,0,0.40000000000000036
1857,1,8.1
1858,1,-10.100000000000001
1859,1,2.1999999999999997
1860,0,-1.6999999999999997
1861,0,3.8
1862,1,-6.5
1863,0,-19.5
1864,1,5.8
1865,0,-9.0
1866,1,-5.499999999999999
1867,0,-21.4
1868,0,-9.200000000000001
1869,1,-7.2
1870,1,-18.8
1871,1,-2.1999999999999997
1872,0,-7.8
1873,0,-16.1
1874,1,-17.5
1875,0,-2.9000000000000004
1876,0,4.5
1877,0,-9.5
1878,1,-1.5
1879,1,5.5
1880,0,1.8000000000000003
1881,1,8.9
1882,0,-10.399999999999999
1883,0,-10.100000000000001
1884,1,9.0
1885,0,-16.2
1886,1,0.3
1887,0,-2.6999999999999997
1888,0,-5.8
1889,1,5.5
1890,0,-4.199999999999999
1891,0,5.6
1892,0,10.799999999999999
1893,1,6.4
1894,1,5.1000000000000005
1895,0,-16.1
1896,0,6.3999999999999995
1897,1,-5.800000000000001
1898,1,-3.6
1899,1,-5.199999999999999
1900,1,9.9
1901,0,-6.6000000000000005
1902,1,5.4
1903,1,-7.0
1904,0,6.5
1905,1,-5.299999999999999
1906,0,-3.08
1907,0,-5.6
1908,1,9.600000000000001
1909,0,-0.9000000000000004
1910,0,-5.3
1911,1,0.9000000000000004
1912,1,-6.1
1913,0,3.2
1914,0,-3.9000000000000004
1915,1,-6.0
1916,0,-11.4
1917,1,6.5
1918,1,14.7
1919,1,1.2999999999999998
1920,1,0.5
1921,0,18.5
1922,1,-7.2
1923,0,-2.8
1924,0,-1.9000000000000004
1925,1,-2.000000000000001
1926,0,-14.200000000000001
1927,1,-9.4
1928,1,8.0
1929,1,8.899999999999999
1930,0,0.8
1931,0,-3.4000000000000004
1932,0,-0.6800000000000002
1933,1,-7.5
1934,1,-1.5
1935,1,1.9000000000000001
1936,0,10.100000000000001
1937,0,-16.5
1938,0,-6.7
1939,0,3.200000000000001
1940,1,4.3
1941,1,16.3
1942,0,-4.4
1943,0,-3.02
1944,0,3.5
1945,0,3.7
1946,1,5.0
1947,1,4.8999999999999995
1948,0,1.3
1949,1,-2.7
1950,1,12.899999999999999
1951,0,-3.4999999999999996
1952,1,14.8
1953,1,6.800000000000001
1954,1,16.3
1955,0,-0.3999999999999999
1956,1,8.879999999999999
1957,0,-12.5
1958,0,-0.4
1959,1,13.399999999999999
1960,0,3.9000000000000004
1961,1,14.8
1962,1,9.299999999999999
1963,0,-7.3
1964,1,4.9
1965,1,-8.0
1966,1,-3.0
1967,0,-14.2
1968,0,3.3999999999999995
1969,0,-11.3
1970,1,-5.699999999999999
1971,1,-8.6
1972,1,6.8999999999999995
1973,1,3.4
1974,1,-11.7
1975,0,5.5
1976,0,-4.1
1977,1,6.920000000000001
1978,0,4.5
1979,0,2.4000000000000004
1980,1,8.8
1981,0,-12.4
1982,1,-14.0
1983,1,1.2000000000000002
1984,1,5.5
1985,1,-6.699999999999999
1986,1,13.399999999999999
1987,1,2.1
1988,0,-2.1
1989,0,-1.1000000000000005
1990,1,14.82
1991,0,-8.1
1992,0,3.7
1993,1,0.8999999999999999
1994,1,4.699999999999999
1995,0,5.0
1996,1,6.5
1997,1,15.0
1998,0,2.1
1999,0,-3.9000000000000004
2000,1,3.5
2001,1,10.8
2002,1,-1.7000000000000002
2003,1,-8.0
2004,1,14.3
2005,0,-5.5
2006,1,15.299999999999999
2007,0,-4.2
2008,1,0.8799999999999997
2009,1,-4.5
2010,0,-19.1
2011,0,7.800000000000001
2012,1,10.8
2013,0,15.1
2014,0,-3.1999999999999997
2015,0,1.0
2016,1,16.2
2017,0,-0.40000000000000036
2018,0,3.0799999999999996
2019,1,0.0
2020,1,-0.9000000000000004
2021,0,8.8
2022,0,-5.800000000000001
2023,1,13.7
2024,0,-6.5
2025,1,-12.6
2026,1,6.8
2027,1,-0.9999999999999996
2028,0,19.3
2029,1,2.8
2030,0,1.0000000000000004
2031,0,-10.6
2032,1,33.9
2033,0,-1.4999999999999998
2034,1,6.700000000000001
2035,0,-5.2
2036,0,-4.420000000000001
2037,0,0.6000000000000001
2038,0,-14.2
2039,0,-8.5
2040,0,-3.5999999999999996
2041,1,0.9000000000000004
2042,1,4.4
2043,0,-13.9
2044,0,3.8999999999999995
2045,0,0.7000000000000002
2046,0,-7.6
2047,0,9.8
2048,0,0.20000000000000018
2049,1,2.6
2050,0,-4.6
2051,1,17.8
2052,0,-2.0
2053,0,-4.5
2054,0,-15.3
2055,1,-7.6000000000000005
2056,1,-4.699999999999999
2057,0,-6.08
2058,1,9.7
2059,1,20.3
2060,0,-9.2
2061,0,0.5
2062,1,-0.10000000000000053
2063,1,14.5
2064,1,15.2
2065,1,2.9999999999999996
2066,0,-0.5
2067,1,3.5999999999999996
2068,0,12.200000000000001
2069,1,-2.0
2070,1,-9.0
2071,1,12.5
2072,1,6.2
2073,0,-2.0999999999999996
2074,1,-7.3999999999999995
2075,0,11.100000000000001
2076,1,-8.1
2077,1,13.1
2078,1,26.7
2079,0,5.0
2080,1,3.1000000000000005
2081,0,-3.1999999999999997
2082,1,20.700000000000003
2083,0,8.5
2084,0,-0.5
2085,0,-6.5
2086,1,-0.8999999999999995
2087,1,7.5
2088,1,12.8
2089,0,-12.899999999999999
2090,0,-7.6
2091,0,-0.09999999999999964
2092,1,19.1
2093,0,-7.4
2094,0,-18.0
2095,1,3.2
2096,1,4.0
2097,0,-1.5
2098,0,1.5
2099,1,0.7000000000000002
2100,1,-3.1
2101,1,17.400000000000002
2102,1,6.6
2103,1,-2.6999999999999993
2104,1,-0.9000000000000001
2105,1,-0.8999999999999999
2106,1,2.8
2107,1,1.5999999999999996
2108,0,-11.5
2109,1,2.1000000000000005
2110,1,3.5999999999999996
2111,1,-7.9
2112,0,-3.1000000000000005
2113,1,1.5999999999999996
2114,1,1.6
2115,1,-4.2
2116,0,-20.4
2117,0,-20.7
2118,1,0.0
2119,1,2.5999999999999996
2120,1,0.8
2121,0,11.600000000000001
2122,1,3.0999999999999996
2123,1,14.100000000000001
2124,0,-5.8
2125,1,4.5
2126,1,-7.1
2127,1,-3.9000000000000004
2128,1,16.5
2129,1,5.0
2130,1,1.9999999999999996
2131,0,-13.7
2132,0,-7.1
2133,0,0.40000000000000036
2134,1,-8.600000000000001
2135,1,15.5
2136,0,8.2
2137,1,-8.2
2138,0,3.9
2139,1,0.8
2140,1,-12.4
2141,1,-6.1
2142,0,-14.7
2143,1,2.5
2144,0,-10.0
2145,0,-1.5999999999999996
2146,0,10.8
2147,0,3.7
2148,0,-8.1
2149,0,20.4
2150,1,9.9
2151,0,-11.7
2152,1,-2.0
2153,1,-2.8000000000000003
2154,0,-1.0
2155,0,9.1
2156,1,-0.40000000000000036
2157,1,-7.0
2158,1,6.0
2159,1,6.2
2160,0,-5.4
2161,1,-11.6
2162,1,-22.4
2163,0,-6.4
2164,1,1.2000000000000002
2165,0,-18.4
2166,1,12.6
2167,0,-13.6
2168,0,7.6
2169,1,-9.200000000000001
2170,0,6.1
2171,0,-13.0
2172,1,8.7
2173,1,-3.5
2174,0,-7.2
2175,0,-15.2
2176,1,-11.2
2177,1,-0.20000000000000018
2178,0,-9.4
2179,0,-3.9
2180,1,6.3
2181,1,-9.1
2182,0,-5.4
2183,1,-1.6999999999999997
2184,0,-22.1
2185,0,10.899999999999999
2186,0,-3.9
2187,0,-3.9000000000000004
2188,0,-3.8
2189,0,-5.1
2190,0,-20.700000000000003
2191,1,4.699999999999999
2192,0,4.500000000000001
2193,1,3.9000000000000004
2194,1,-9.3
2195,1,-11.4
2196,0,-8.0
2197,0,-2.8000000000000003
2198,0,-12.8
2199,1,7.8999999999999995
2200,0,-10.399999999999999
2201,1,2.1999999999999997
2202,1,0.40000000000000013
2203,0,-10.200000000000001
2204,0,-3.3
2205,0,2.0
2206,1,-1.0000000000000004
2207,0,-9.2
2208,1,5.0
2209,1,-5.499999999999999
2210,0,3.1
2211,1,-6.700000000000001
2212,0,3.3000000000000003
2213,1,-3.2
2214,0,-19.4
2215,0,-13.899999999999999
2216,1,4.4
2217,1,-0.1
2218,1,17.0
2219,0,-8.9
2220,0,2.5
2221,1,4.5
2222,1,-2.3
2223,1,2.7
2224,1,19.2
2225,1,3.1000000000000005
2226,1,4.5
2227,1,-8.5
2228,1,8.9
2229,1,13.799999999999999
2230,1,-4.1
2231,0,2.5999999999999996
2232,1,19.0
2233,0,3.4
2234,1,11.7
2235,1,25.5
2236,1,13.700000000000001
2237,0,4.5
2238,1,21.099999999999998
2239,0,-6.3
2240,0,-13.1
2241,0,-21.8
2242,0,-5.8
2243,0,-2.8
2244,1,15.600000000000001
2245,0,-4.5
2246,1,-9.6
2247,0,-6.300000000000001
2248,1,24.4
2249,1,-11.5
2250,1,-10.1
2251,1,-9.0
2252,0,-21.3
2253,1,-3.1999999999999993
2254,1,18.799999999999997
2255,0,-3.1999999999999997
2256,1,-13.299999999999999
2257,0,1.5999999999999999
2258,1,-6.699999999999999
2259,0,-10.3
2260,1,22.0
2261,1,6.999999999999999
2262,0,-4.2
2263,1,-9.7
2264,0,-5.6
2265,1,-6.9
2266,1,6.6
2267,1,8.2
2268,1,4.199999999999999
2269,1,-15.599999999999998
2270,0,-4.800000000000001
2271,0,2.3
2272,1,-2.9
2273,1,9.600000000000001
2274,1,10.100000000000001
2275,0,-0.3000000000000007
2276,1,-12.4
2277,1,-7.7
2278,1,5.5
2279,0,-3.9
2280,1,21.1
2281,1,25.4
2282,0,-11.3
2283,0,-28.799999999999997
2284,1,13.5
2285,1,6.7
2286,1,-16.4
2287,1,0.30000000000000004
2288,0,2.7
2289,1,1.7999999999999998
2290,0,-9.0
2291,1,-1.9
2292,0,7.9
2293,1,9.0
2294,1,-3.0
2295,0,0.10000000000000009
2296,1,2.3
2297,1,-22.599999999999998
2298,1,26.2
2299,0,-15.100000000000001
2300,0,-8.6
2301,1,2.1999999999999997
2302,1,7.5
2303,0,-9.4
2304,1,11.5
2305,1,20.400000000000002
2306,0,-9.6
2307,1,8.600000000000001
2308,1,-4.2
2309,1,10.2
2310,1,-5.2
2311,1,10.6
2312,1,-10.8
2313,1,-1.1999999999999997
2314,0,9.799999999999999
2315,1,2.4
2316,0,-8.8
2317,0,-1.0
2318,1,-1.6
2319,1,4.5
2320,0,3.1000000000000005
2321,0,0.3999999999999999
2322,1,4.799999999999999
2323,1,-10.7
2324,1,-1.7000000000000002
2325,0,-1.1999999999999997
2326,0,3.5
2327,1,3.1999999999999997
2328,1,-6.299999999999999
2329,1,4.999999999999999
2330,1,5.300000000000001
2331,0,-6.5
2332,1,-2.2
2333,0,6.499999999999999
2334,0,2.8000000000000003
2335,1,9.2
2336,1,-8.5
2337,0,-12.7
2338,1,6.0
2339,0,-10.0
2340,0,-5.6
2341,0,4.6
2342,1,11.7
2343,0,-1.2000000000000002
2344,0,-11.2
2345,0,-7.5
2346,1,-14.799999999999999
2347,1,12.6
2348,1,-8.0
2349,1,-0.2999999999999998
2350,0,-12.600000000000001
2351,1,12.04
2352,1,6.2
2353,0,6.1000000000000005
2354,0,5.3999999999999995
2355,0,-4.7
2356,0,-4.7
2357,1,1.1999999999999993
2358,0,1.4000000000000004
2359,1,9.399999999999999
2360,1,5.199999999999999
2361,1,3.0
2362,1,3.0999999999999996
2363,1,-1.5
2364,1,9.7
2365,1,5.199999999999999
2366,1,-7.9
2367,0,-15.7
2368,0,-2.6999999999999993
2369,1,-5.999999999999999
2370,1,-7.300000000000001
2371,0,-16.1
2372,1,-7.5
2373,1,-1.0
2374,1,4.6000000000000005
2375,0,6.699999999999999
2376,0,-4.4
2377,1,-5.8
2378,1,8.799999999999999
2379,0,-7.8999999999999995
2380,0,1.1000000000000005
2381,0,8.4
2382,1,0.8999999999999986
2383,1,3.7
2384,0,3.8
2385,1,-4.1
2386,1,0.8999999999999999
2387,0,-3.3999999999999995
2388,0,-6.5
2389,0,4.9
2390,1,-8.4
2391,0,1.1999999999999993
2392,1,5.2
2393,0,-9.7
2394,1,0.7000000000000002
2395,1,2.7
2396,1,-1.6000000000000005
2397,1,2.3
2398,0,-3.8
2399,1,5.5
2400,0,-5.8
2401,1,10.5
2402,1,7.1
2403,1,-8.8
2404,0,-10.4
2405,1,11.600000000000001
2406,1,4.800000000000001
2407,1,-12.899999999999999
2408,1,-1.4
2409,0,-6.1
2410,1,-2.3
2411,1,19.3
2412,1,-6.3
2413,1,-6.26
2414,1,12.7
2415,0,-1.9000000000000004
2416,0,11.899999999999999
2417,1,-3.3
2418,1,9.5
2419,1,3.5
2420,1,1.5000000000000004
2421,1,5.8
2422,0,-2.9
2423,0,-8.6
2424,1,-3.3000000000000003
2425,1,7.1
2426,0,-0.5
2427,0,-16.099999999999998
2428,1,9.7
2429,1,15.399999999999999
2430,0,-10.0
2431,0,6.4
2432,1,2.0
2433,0,-5.539999999999999
2434,0,-26.6
2435,0,-11.3
2436,1,21.7
2437,0,-8.1
2438,1,6.199999999999999
2439,1,-1.0
2440,0,-4.7
2441,1,3.6000000000000005
2442,1,-3.1000000000000005
2443,0,-4.7
2444,1,7.3
2445,0,-4.54
2446,0,-19.1
2447,1,-7.1
2448,1,-8.8
2449,1,-14.599999999999998
2450,1,-3.3
2451,1,11.299999999999999
2452,0,-4.3
2453,1,6.4
2454,1,-1.5
2455,1,17.3
2456,0,-8.7
2457,1,-2.0000000000000004
2458,0,-3.4
2459,1,12.24
2460,0,12.4
2461,1,6.300000000000001
2462,1,-12.0
2463,1,-2.5999999999999996
2464,1,11.6
2465,1,9.7
2466,1,-1.9000000000000001
2467,0,-19.7
2468,1,-13.3
2469,1,11.399999999999999
2470,1,9.600000000000001
2471,1,7.5
2472,0,-15.3
2473,1,15.3
2474,0,-20.2
2475,1,9.5
2476,0,-11.7
2477,0,12.1
2478,0,4.640000000000001
2479,1,-8.3
2480,1,-10.899999999999999
2481,1,13.1
2482,0,-3.9000000000000004
2483,1,-6.24
2484,1,-7.9
2485,1,20.8
2486,0,5.6
2487,0,-18.400000000000002
2488,0,-16.6
2489,1,4.200000000000001
2490,0,8.3
2491,0,9.6
2492,1,-15.6
2493,1,-0.8999999999999999
2494,0,2.9000000000000004
2495,0,-8.5
2496,1,21.0
2497,1,-6.1
2498,1,21.0
2499,0,-0.7999999999999998
2500,0,11.8
2501,1,-20.0
2502,0,3.5
2503,0,18.6
2504,0,-15.2
2505,0,-4.0
2506,0,0.0
2507,1,1.6000000000000005
2508,0,3.6
2509,0,-11.2
2510,0,18.700000000000003
2511,1,12.6
2512,1,6.340000000000001
2513,0,-2.8
2514,1,13.200000000000001
2515,1,-0.8000000000000003
2516,1,10.100000000000001
2517,0,-19.1
2518,0,16.2
2519,1,0.5
2520,0,3.0
2521,0,-6.9
2522,1,4.5
2523,0,1.1400000000000006
2524,1,-15.1
2525,0,-1.8999999999999986
2526,0,0.5
2527,0,-14.899999999999999
2528,1,-1.8000000000000007
2529,0,-3.2
2530,0,-7.9
2531,1,-6.539999999999999
2532,0,6.4
2533,0,2.5999999999999996
2534,1,12.8
2535,1,2.9000000000000004
2536,1,-4.799999999999999
2537,1,14.7
2538,1,6.2
2539,0,-10.7
2540,1,-6.3999999999999995
2541,1,-9.3
2542,1,16.9
2543,1,17.2
2544,0,-3.1000000000000005
2545,1,-1.0999999999999999
2546,0,3.0
2547,1,7.8999999999999995
2548,0,-8.5
2549,0,-16.5
2550,1,-1.0999999999999996
2551,1,2.4
2552,1,3.1
2553,0,-5.5
2554,1,5.2
2555,0,-6.4
2556,1,8.1
2557,1,-0.10000000000000053
2558,1,3.6999999999999997
2559,0,-17.9
2560,0,4.6
2561,1,3.8000000000000007
2562,1,1.7999999999999998
2563,1,12.5
2564,0,-7.0
2565,1,-6.1
2566,0,15.799999999999999
2567,1,-3.3
2568,0,-2.4000000000000004
2569,1,13.899999999999999
2570,0,-7.5
2571,1,4.8999999999999995
2572,1,5.0
2573,1,13.4
2574,1,-1.3
2575,0,-6.4
2576,1,-4.6
2577,1,-3.1999999999999993
2578,0,7.8
2579,1,-9.4
2580,1,7.3999999999999995
2581,0,0.0
2582,1,13.6
2583,0,-2.2
2584,0,-20.5
2585,0,15.4
2586,1,16.0
2587,0,9.9
2588,0,-6.9
2589,0,-11.3
2590,1,20.8
2591,0,5.4
2592,0,-9.8
2593,1,-3.6
2594,1,3.5
2595,0,4.1
2596,0,-4.3
2597,1,7.8
2598,1,-5.0
2599,1,11.600000000000001
2600,1,6.8
2601,0,-0.20000000000000018
2602,1,6.9
2603,1,-0.7000000000000001
2604,0,3.3
2605,0,4.3
2606,1,-12.3
2607,0,2.4
2608,1,2.7
2609,1,5.8
2610,1,22.8
2611,1,-18.9
2612,1,3.2
2613,1,16.2
2614,1,3.5
2615,1,8.5
2616,0,-6.0
2617,1,-10.100000000000001
2618,0,6.6
2619,1,-5.1000000000000005
2620,1,15.3
2621,0,7.699999999999999
2622,1,-1.2
2623,0,-2.1000000000000005
2624,0,5.5
2625,0,-8.2
2626,1,9.3
2627,0,-1.9000000000000004
2628,0,2.1999999999999997
2629,1,2.9
2630,1,3.9
2631,1,17.5
2632,1,-0.5
2633,0,3.299999999999999
2634,1,-6.1
2635,1,-8.799999999999999
2636,0,8.899999999999999
2637,0,5.5
2638,1,1.2000000000000002
2639,0,-4.9
2640,0,-15.7
2641,1,9.3
2642,1,-7.5
2643,0,-7.8
2644,0,0.39999999999999997
2645,0,6.1
2646,1,-5.2
2647,1,13.4
2648,1,-1.5
2649,1,6.4
2650,1,-4.1
2651,0,-9.4
2652,1,-1.0999999999999996
2653,0,13.0
2654,0,1.2999999999999998
2655,1,9.7
2656,1,-0.20000000000000018
2657,1,-9.7
2658,1,-0.5
2659,0,-13.3
2660,0,5.3999999999999995
2661,0,-16.4
2662,1,-21.5
2663,1,0.09999999999999964
2664,0,-10.5
2665,1,-3.2
2666,0,-8.2
2667,1,2.5999999999999996
2668,1,-2.7
2669,1,14.3
2670,0,0.0
2671,0,-3.9000000000000004
2672,1,0.20000000000000018
2673,1,-7.0
2674,0,-14.899999999999999
2675,1,5.5
2676,0,-6.1
2677,1,0.0
2678,1,10.4
2679,1,14.0
2680,1,-11.5
2681,1,-7.800000000000001
2682,1,10.4
2683,1,-7.9
2684,1,-12.0
2685,1,-10.0
2686,1,6.9
2687,0,5.8999999999999995
2688,1,-0.5999999999999996
2689,1,-0.5
2690,1,6.1
2691,0,-14.3
2692,0,7.0
2693,1,-4.800000000000001
2694,1,-11.8
2695,1,-4.699999999999999
2696,0,-1.1999999999999997
2697,1,-19.3
2698,0,4.4
2699,0,-26.299999999999997
2700,1,0.8999999999999999
2701,1,12.600000000000001
2702,1,6.8999999999999995
2703,1,15.4
2704,1,-0.5999999999999999
2705,1,9.3
2706,0,-7.1000000000000005
2707,1,11.3
2708,1,-0.3999999999999999
2709,1,-1.0000000000000002
2710,1,10.1
2711,1,2.7
2712,1,6.7
2713,1,6.4
2714,1,17.5
2715,1,9.399999999999999
2716,0,-2.1000000000000005
2717,1,5.2
2718,1,9.0
2719,0,-12.0
2720,1,1.8
2721,0,-5.2
2722,0,-16.8
2723,0,6.1000000000000005
2724,0,13.1
2725,0,0.5
2726,1,20.0
2727,0,1.9
2728,0,5.9
2729,0,-8.2
2730,1,0.0
2731,1,4.5
2732,1,-14.4
2733,0,-2.3
2734,1,-11.8
2735,0,-11.7
2736,0,-10.200000000000001
2737,0,-6.6
2738,1,7.699999999999999
2739,1,1.1999999999999997
2740,0,11.5
2741,0,-10.3
2742,1,-5.2
2743,1,18.1
2744,0,1.7999999999999998
2745,0,-12.6
2746,0,0.7999999999999998
2747,1,9.2
2748,1,12.100000000000001
2749,0,-11.7
2750,1,-5.699999999999999
2751,0,9.3
2752,1,-9.9
2753,1,7.199999999999999
2754,0,-12.799999999999999
2755,0,-4.3
2756,0,-7.9
2757,0,-12.5
2758,0,-6.500000000000001
2759,0,12.8
2760,1,-17.9
2761,1,13.0
2762,0,-0.19999999999999996
2763,0,4.5
2764,1,7.8
2765,0,-10.9
2766,1,-2.9000000000000004
2767,0,-2.5999999999999996
2768,1,1.0999999999999996
2769,0,-8.7
2770,1,-7.3999999999999995
2771,1,8.600000000000001
2772,0,7.0
2773,1,4.3999999999999995
2774,1,-2.3
2775,0,0.5999999999999999
2776,1,10.8
2777,1,-4.8999999999999995
2778,0,3.4
2779,0,1.0999999999999996
2780,0,-1.7000000000000002
2781,1,4.8
2782,1,-0.1999999999999993
2783,1,7.0
2784,0,2.4
2785,1,8.899999999999999
2786,0,-6.699999999999999
2787,0,0.29999999999999993
2788,0,6.0
2789,1,5.799999999999999
2790,0,2.6999999999999993
2791,1,-10.4
2792,1,-8.7
2793,0,-6.9
2794,1,19.5
2795,1,3.2
2796,1,-11.7
2797,0,4.0
2798,1,7.5
2799,1,2.5
2800,0,5.6000000000000005
2801,1,0.10000000000000053
2802,0,0.6000000000000001
2803,0,4.8
2804,1,1.3000000000000007
2805,0,15.399999999999999
2806,0,-8.7
2807,1,-2.7
2808,0,11.9
2809,0,1.2999999999999998
2810,1,6.8999999999999995
2811,0,-5.2
2812,0,-6.7
2813,0,3.0
2814,0,9.4
2815,0,-8.5
2816,1,-4.4
2817,1,2.7
2818,0,1.4000000000000004
2819,1,20.3
2820,1,9.4
2821,0,-1.4000000000000004
2822,1,6.6
2823,0,2.9000000000000004
2824,0,5.8
2825,1,9.9
2826,0,-9.5
2827,1,8.6
2828,0,-5.7
2829,0,1.0999999999999999
2830,1,-6.1
2831,0,6.200000000000001
2832,1,-5.2
2833,0,7.6
2834,1,4.5
2835,1,-1.2999999999999998
2836,1,-7.4
2837,0,3.7
2838,0,-2.2
2839,0,-7.0
2840,1,4.8
2841,0,8.5
2842,1,-17.7
2843,1,18.6
2844,1,2.0
2845,0,-11.5
2846,1,5.1
2847,1,5.5
2848,1,6.800000000000001
2849,0,-9.9
2850,0,-6.3
2851,0,5.700000000000001
2852,0,-11.9
2853,1,6.1
2854,1,6.1000000000000005
2855,1,1.2999999999999998
2856,1,13.8
2857,1,-7.0
2858,1,7.7
2859,1,-14.700000000000001
2860,0,-19.0
2861,1,12.0
2862,0,7.5
2863,0,-15.2
2864,1,18.4
2865,1,2.7
2866,0,-10.4
2867,0,-1.5999999999999996
2868,0,-13.200000000000001
2869,0,5.1000000000000005
2870,1,14.1
2871,1,-11.1
2872,0,-5.8
2873,1,-10.700000000000001
2874,1,3.6999999999999993
2875,1,10.9
2876,1,3.9999999999999996
2877,1,-0.5
2878,1,3.1
2879,0,-13.2
2880,0,-14.5
2881,1,9.100000000000001
2882,0,6.0
2883,1,13.5
2884,0,-25.700000000000003
2885,1,0.6000000000000005
2886,0,6.199999999999999
2887,0,-0.7999999999999998
2888,0,-13.0
2889,0,-3.8
2890,1,4.4
2891,0,-16.2
2892,0,6.4
2893,1,7.199999999999999
2894,1,12.2
2895,1,12.0
2896,1,-9.2
2897,0,11.6
2898,0,-8.8
2899,1,-13.3
2900,1,-10.700000000000001
2901,0,5.5
2902,0,-23.200000000000003
2903,0,-10.0
2904,0,25.3
2905,1,-9.7
2906,0,-9.7
2907,0,-11.0
2908,0,11.5
2909,1,-5.5
2910,1,3.0
2911,0,27.3
2912,1,-10.4
2913,1,-8.0
2914,1,9.6
2915,1,-6.1
2916,1,-5.3
2917,0,6.1000000000000005
2918,0,-2.9000000000000004
2919,1,7.2
2920,1,4.0
2921,0,28.8
2922,1,21.1
2923,1,3.4000000000000004
2924,1,6.0
2925,1,4.1
2926,0,-2.7
2927,1,-2.4
2928,1,-16.6
2929,1,5.1000000000000005
2930,1,-13.899999999999999
2931,0,8.6
2932,0,-0.20000000000000018
2933,1,12.3
2934,1,17.099999999999998
2935,1,5.2
2936,0,6.2
2937,0,-2.3000000000000003
2938,1,-3.0
2939,0,1.4
2940,0,-6.1
2941,0,-1.7999999999999998
2942,0,4.8
2943,1,16.9
2944,0,-5.5
2945,0,3.6000000000000005
2946,1,-2.1
2947,1,9.799999999999999
2948,1,1.4
2949,1,3.5
2950,1,10.5
2951,1,10.3
2952,1,9.8
2953,1,-8.3
2954,0,0.6000000000000001
2955,0,-12.4
2956,0,-3.1999999999999993
2957,0,-5.300000000000001
2958,1,3.3
2959,0,-3.0
2960,0,-11.600000000000001
2961,1,-5.0
2962,0,-4.2
2963,0,-2.1000000000000005
2964,0,-8.2
2965,0,-2.5
2966,1,-6.0
2967,0,-9.6
2968,0,2.5
2969,1,-14.3
2970,0,7.6
2971,1,14.4
2972,1,-13.1
2973,1,13.700000000000001
2974,0,-9.0
2975,1,6.7
2976,0,-1.0
2977,1,12.100000000000001
2978,0,-19.7
2979,0,2.9000000000000004
2980,0,-10.8
2981,0,6.5
2982,1,-23.5
2983,0,-2.7
2984,1,-11.8
2985,0,-12.0
2986,1,-7.3
2987,0,-19.8
2988,1,13.7
2989,1,2.0
2990,1,1.2999999999999998
2991,0,19.6
2992,1,2.4
2993,0,-12.3
2994,1,4.9
2995,1,-14.7
2996,0,-8.3
2997,0,6.999999999999999
2998,0,6.2
2999,1,7.2
3000,1,1.1
3001,1,-1.4
3002,0,-8.5
3003,1,12.7
3004,0,-8.3
3005,1,-16.5
3006,1,9.7
3007,1,-2.6999999999999997
3008,0,-3.0
3009,0,15.3
3010,1,-2.0
3011,0,-7.8
3012,1,-1.3000000000000007
3013,0,-6.6
3014,1,11.7
3015,1,4.8
3016,1,-3.3999999999999995
3017,0,-13.0
3018,1,3.9
3019,1,2.9999999999999996
3020,0,3.4000000000000004
3021,0,-12.1
3022,0,2.2
3023,0,-8.6
3024,1,0.5
3025,0,0.2999999999999998
3026,0,9.1
3027,0,-2.500000000000001
3028,1,2.5
3029,1,1.5999999999999996
3030,0,-5.0
3031,0,-7.800000000000001
3032,1,-6.800000000000001
3033,1,15.200000000000001
3034,1,18.3
3035,1,1.5999999999999999
3036,1,-1.5999999999999996
3037,0,-1.9999999999999996
3038,1,-2.0999999999999996
3039,1,5.4
3040,0,-17.6
3041,0,-15.3
3042,1,4.5
3043,0,-2.1
3044,1,1.9999999999999996
3045,0,-13.3
3046,1,-4.2
3047,1,-0.4999999999999999
3048,1,-12.28
3049,0,6.200000000000001
3050,1,-5.94
3051,1,-1.9000000000000001
3052,1,7.420000000000001
3053,0,-8.7
3054,1,1.4399999999999995
3055,1,5.2
3056,1,0.20000000000000018
3057,0,-3.3999999999999995
3058,1,-7.72
3059,0,-16.2
3060,0,-3.5
3061,1,6.2
3062,0,-12.219999999999999
3063,1,-2.5999999999999996
3064,1,-8.84
3065,1,-4.66
3066,0,-21.9
3067,1,-13.28
3068,0,-3.5800000000000005
3069,1,8.9
3070,1,15.0
3071,1,4.8
3072,1,-4.4
3073,1,-6.4
3074,0,-8.2
3075,0,13.1
3076,0,-13.8
3077,1,-9.899999999999999
3078,1,6.3999999999999995
3079,1,-7.7
3080,0,9.399999999999999
3081,0,0.8600000000000001
3082,0,11.2
3083,1,2.6399999999999997
3084,1,1.4000000000000004
3085,0,8.799999999999999
3086,1,3.9600000000000004
3087,1,8.4
3088,1,-15.32
3089,1,9.3
3090,0,-8.52
3091,0,-8.8
3092,0,2.5
3093,1,19.0
3094,1,5.2
3095,0,12.8
3096,0,6.1
3097,1,-1.8000000000000007
3098,1,3.0
3099,1,18.2
3100,0,7.96
3101,0,-3.5199999999999996
3102,0,7.5200000000000005
3103,1,2.1
3104,1,0.2999999999999998
3105,0,-2.1999999999999993
3106,0,-12.3
3107,0,8.82
3108,0,8.7
3109,0,-16.4
3110,1,1.5999999999999996
3111,1,2.2799999999999994
3112,1,-14.54
3113,1,7.7
3114,0,-16.7
3115,1,16.1
3116,1,1.8199999999999998
3117,1,0.7000000000000002
3118,0,-2.5
3119,1,-0.3800000000000001
3120,0,0.35999999999999943
3121,1,-10.7
3122,1,8.7
3123,1,9.8
3124,0,-5.3
3125,1,14.4
3126,1,-13.899999999999999
3127,1,11.8
3128,1,11.559999999999999
3129,0,6.799999999999999
3130,1,-6.62
3131,0,8.4
3132,1,-5.46
3133,0,9.18
3134,1,-3.1999999999999993
3135,0,4.5
3136,1,7.279999999999999
3137,0,1.2999999999999998
3138,0,3.6
3139,0,-0.29999999999999893
3140,0,6.8
3141,1,8.3
3142,0,9.06
3143,0,-6.6000000000000005
3144,1,4.74
3145,0,-1.52
3146,1,-11.1
3147,1,9.5
3148,0,-4.7
3149,1,7.68
3150,0,-0.7999999999999998
3151,0,14.100000000000001
3152,1,2.84
3153,1,14.2
3154,1,10.620000000000001
3155,0,-1.7
3156,0,9.6
3157,1,4.5
3158,1,16.1
3159,1,1.32
3160,0,-11.7
3161,1,-4.0
3162,0,3.4800000000000004
3163,1,3.5999999999999996
3164,1,5.8999999999999995
3165,1,3.6000000000000005
3166,1,14.719999999999999
3167,1,0.21999999999999975
3168,1,1.5999999999999996
3169,0,-3.1000000000000005
3170,0,3.1999999999999997
3171,0,-16.1
3172,1,6.8
3173,0,-2.7
3174,1,-7.58
3175,1,9.399999999999999
3176,1,-6.6
3177,0,2.5
3178,0,-9.46
3179,0,-6.6
3180,1,1.08
3181,0,-9.8
3182,1,5.3
3183,1,5.9
3184,0,-1.4000000000000004
3185,1,-5.220000000000001
3186,0,-3.6
3187,0,-13.120000000000001
3188,0,-3.7600000000000002
3189,1,-0.5
3190,1,7.6
3191,0,-7.1000000000000005
3192,0,-7.3
3193,1,4.8
3194,1,3.2
3195,1,9.8
3196,0,-0.7999999999999998
3197,1,3.8000000000000007
3198,1,9.200000000000001
3199,1,3.1000000000000005
3200,1,-12.5
3201,1,1.64
3202,0,10.1
3203,1,6.2
3204,1,14.8
3205,1,10.5
3206,1,2.4
3207,0,-8.2
3208,1,-13.4
3209,1,-6.5
3210,1,6.6
3211,1,8.5
3212,0,8.0
3213,0,-6.2
3214,1,-7.8
3215,1,4.5
3216,0,-17.6
3217,1,8.2
3218,1,2.1999999999999997
3219,1,-1.2999999999999998
3220,1,6.2
3221,0,6.199999999999999
3222,1,2.7
3223,1,-9.6
3224,0,-8.8
3225,0,-7.9
3226,1,11.2
3227,1,-9.799999999999999
3228,1,-3.4
3229,1,1.2
3230,1,-0.9999999999999996
3231,0,9.0
3232,1,-14.0
3233,0,-5.1
3234,0,-0.09999999999999998
3235,1,-10.8
3236,0,10.1
3237,1,7.3
3238,1,-4.8
3239,1,-3.8999999999999995
3240,1,-5.3
3241,1,1.5000000000000002
3242,1,5.9
3243,0,2.3
3244,1,13.9
3245,0,-9.3
3246,1,-6.5
3247,0,-20.200000000000003
3248,0,-1.3000000000000003
3249,0,-0.8
3250,0,3.5
3251,1,5.9
3252,0,-5.3
3253,1,-1.2999999999999998
3254,1,0.7999999999999998
3255,0,-13.5
3256,1,-5.8
3257,0,-4.6
3258,0,-4.300000000000001
3259,0,-1.0
3260,1,1.7999999999999998
3261,0,0.8999999999999999
3262,1,7.0
3263,0,-0.8
3264,1,12.1
3265,1,-5.5
3266,1,10.399999999999999
3267,0,-15.6
3268,0,-4.4
3269,0,-8.8
3270,1,2.5
3271,0,-4.6000000000000005
3272,0,-13.899999999999999
3273,0,-10.1
3274,1,6.8
3275,1,14.1
3276,1,9.6
3277,0,-22.0
3278,0,-0.2999999999999998
3279,0,-5.2
3280,0,-1.5
3281,0,-14.0
3282,1,8.9
3283,1,10.0
3284,0,-3.0999999999999996
3285,1,-6.6000000000000005
3286,0,-10.0
3287,1,-17.2
3288,1,-9.8
3289,1,-1.4000000000000001
3290,0,13.0
3291,0,-17.1
3292,1,-0.10000000000000053
3293,0,-1.7999999999999998
3294,0,-15.3
3295,1,3.1999999999999993
3296,1,8.8
3297,0,-3.9000000000000004
3298,0,7.300000000000001
3299,1,5.4
3300,1,8.2
3301,1,-3.9
3302,0,-12.899999999999999
3303,1,10.8
3304,1,-4.5
3305,1,9.8
3306,0,-0.5
3307,1,7.1
3308,0,-2.7
3309,1,0.40000000000000036
3310,1,19.1
3311,0,-14.0
3312,0,11.100000000000001
3313,0,2.8999999999999995
3314,1,10.9
3315,0,-14.0
3316,1,14.3
3317,0,11.1
3318,1,1.799999999999999
3319,1,14.6
3320,1,13.6
3321,1,-9.9
3322,0,-2.5999999999999996
3323,1,-1.1
3324,1,-4.7
3325,1,-9.3
3326,1,12.0
3327,1,7.1000000000000005
3328,1,11.600000000000001
3329,1,-0.6000000000000001
3330,0,-8.6
3331,0,-12.500000000000002
3332,0,0.39999999999999947
3333,1,25.1
3334,0,-3.3000000000000003
3335,0,-4.800000000000001
3336,1,-9.4
3337,1,9.899999999999999
3338,0,18.1
3339,0,-9.0
3340,0,2.5
3341,0,0.5
3342,0,30.6
3343,1,1.5
3344,0,-7.6
3345,0,-10.1
3346,0,2.2
3347,1,12.1
3348,0,-0.3000000000000007
3354,0,-9.0
3355,0,-27.5
3356,1,-6.7
3357,0,-6.0
3358,1,2.8000000000000003
3359,1,-13.4
3360,0,-12.7
3361,0,7.8
3362,0,-0.9000000000000004
3363,1,4.0
3364,0,-7.8
3365,0,6.4
3366,1,-13.4
3367,0,-3.6
3368,0,-8.899999999999999
3369,1,-1.8999999999999995
3370,1,4.2
3371,1,8.8
3372,0,-7.2
3373,0,13.0
3374,0,-32.4
3375,1,4.0
3376,1,-2.0
3377,0,-13.3
3378,0,-1.7999999999999998
3379,1,-23.8
3380,0,-0.09999999999999964
3381,0,-6.3
3382,0,-6.2
3383,0,-13.1
3384,0,10.9
3385,1,2.0
3386,1,-6.5
3387,1,8.2
3388,0,-8.100000000000001
3389,1,4.8
3390,0,1.5
3391,0,-3.6999999999999997
3392,0,-12.5
3393,1,-2.7
3394,1,7.499999999999999
3395,1,12.3
3396,1,11.399999999999999
3397,0,-10.5
3398,1,11.1
3399,0,19.0
3400,1,9.2
3401,0,-2.3000000000000007
3402,0,-25.5
3403,0,3.5999999999999996
3404,1,17.9
3405,1,-3.3000000000000007
3406,1,7.6000000000000005
3407,0,5.1000000000000005
3408,0,-16.7
3409,1,4.0
3410,0,11.8
3411,1,0.09999999999999987
3412,1,3.9000000000000004
3413,1,19.5
3414,1,22.6
3415,1,-4.6
3416,0,8.7
3417,0,-3.4000000000000004
3418,0,-7.300000000000001
3419,1,4.4
3420,0,-7.0
3421,1,-3.5
3422,1,15.299999999999999
3423,1,2.0999999999999996
3424,1,12.8
3425,1,-1.2000000000000002
3426,1,-4.2
3427,1,12.8
3428,1,1.2000000000000002
3429,1,-23.7
3430,1,1.5999999999999996
3431,1,18.4
3432,1,-6.4
3433,0,-18.5
3434,0,13.5
3435,1,-2.5
3436,1,11.5
3437,0,2.2
3438,1,4.3
3439,1,-10.399999999999999
3440,1,18.700000000000003
3441,1,0.3999999999999999
3442,1,16.6
3443,1,-0.6000000000000005
3444,0,-14.4
3445,1,-2.7
3446,0,-11.7
3447,0,8.5
3448,1,-7.300000000000001
3449,0,-1.0
3450,0,6.800000000000001
3451,1,0.8000000000000003
3452,0,-7.3999999999999995
3453,1,19.9
3454,0,-14.9
3455,0,16.1
3456,1,-4.6
3457,0,-2.0999999999999996
3458,1,20.2
3459,1,3.4999999999999996
3460,0,6.4
3461,0,0.8999999999999995
3462,0,8.7
3463,0,9.7
3464,1,12.2
3465,1,-9.0
3466,1,-1.5
3467,1,7.199999999999999
3468,0,9.100000000000001
3469,1,-17.299999999999997
3470,0,9.7
3471,1,-6.300000000000001
3472,1,5.0
3473,0,-8.0
3474,1,3.2
3475,0,7.5
3476,1,-16.299999999999997
3477,1,-6.3
3478,0,-3.200000000000001
3479,0,-0.8999999999999999
3480,1,13.3
3481,0,8.899999999999999
3482,1,11.4
3483,1,-4.7
3484,0,-18.7
3485,0,-3.8
3486,1,9.3
3487,0,-2.8000000000000003
3488,1,4.8
3489,1,4.9
3490,0,-7.0
3491,1,-8.0
3492,0,-16.8
3493,0,-15.0
3494,1,-6.0
3495,0,-6.199999999999999
3496,1,19.799999999999997
3497,0,-4.2
3498,0,2.2
3499,1,7.199999999999999
3500,0,-4.199999999999999
3501,0,-0.20000000000000018
3502,1,1.6
3503,0,-14.3
3504,0,-11.600000000000001
3505,1,18.5
3506,0,-1.5
3507,0,-0.09999999999999987
3508,1,5.199999999999999
3509,0,-6.6
3510,0,-7.0
3511,1,21.6
3512,0,-4.2
3513,1,10.799999999999999
3514,0,-1.0
3515,0,-12.600000000000001
3516,0,-5.199999999999999
3517,1,18.4
3518,1,-8.4
3519,1,10.5
3520,1,14.8
3521,0,17.6
3522,1,4.5
3523,1,-6.000000000000001
3524,1,25.7
3525,1,2.7
3526,0,-11.0
3527,1,1.6999999999999993
3528,1,9.9
3529,1,-2.6
3530,1,5.2
3531,0,-6.9
3532,0,-0.8000000000000005
3533,0,-16.1
3534,0,-6.6
3535,0,0.39999999999999947
3536,1,9.4
3537,0,6.6
3538,1,20.2
3539,0,-19.6
3540,1,-5.4
3541,1,-20.9
3542,1,-11.1
3543,0,5.6000000000000005
3544,1,-3.0000000000000004
3545,0,-23.9
3546,1,-0.6000000000000005
3547,1,-5.6
3548,0,21.2
3549,1,-6.2
3550,0,4.9
3551,1,5.3
3552,1,12.1
3553,1,-2.7
3554,0,-3.6
3555,1,2.5999999999999996
3556,0,-2.0999999999999996
3557,1,0.7999999999999989
3558,0,7.3999999999999995
3559,0,7.0
3560,1,-10.0
3561,0,-12.2
3562,0,3.1999999999999997
3563,1,5.3
3564,0,-10.1
3565,1,9.7
3566,1,9.2
3567,1,13.0
3568,1,3.1
3569,0,-11.399999999999999
3570,1,13.9
3571,0,-5.3999999999999995
3572,0,8.2
3573,0,-6.9
3574,1,-0.20000000000000018
3575,1,-3.3
3576,0,-12.7
3577,1,10.0
3578,0,6.699999999999999
3579,0,-6.6000000000000005
3580,1,5.800000000000001
3581,1,7.7
3582,0,2.9
3583,0,-2.0
3584,1,10.0
3585,1,-10.0
3586,1,-10.299999999999999
3587,1,1.5999999999999996
3588,0,-7.5
3589,1,6.8
3590,0,4.700000000000001
3591,0,5.9
3592,1,11.0
3593,1,3.3000000000000003
3594,0,-7.100000000000001
3595,0,-8.0
3596,0,-2.3
3597,1,2.0999999999999996
3598,1,-7.300000000000001
3599,1,13.7
3600,1,-12.5
3601,0,-3.9000000000000004
3602,1,3.1999999999999997
3603,0,-0.09999999999999964
3604,1,9.6
3605,0,-9.5
3606,0,16.9
3607,1,0.5
3608,0,-17.5
3609,0,-16.0
3610,0,3.0999999999999996
3611,0,-6.2
3612,0,-18.799999999999997
3613,0,-2.0999999999999996
3614,0,-5.1
3615,1,-0.8999999999999995
3616,1,7.9
3617,1,6.3
3618,0,5.0
3619,1,-3.9000000000000004
3620,1,2.3000000000000007
3621,1,15.2
3622,0,-17.299999999999997
3623,0,-14.899999999999999
3624,0,-0.9
3625,0,2.2
3626,0,-7.2
3627,0,8.3
3628,1,2.9000000000000004
3629,1,-5.6
3630,1,20.5
3631,1,-5.8999999999999995
3632,1,-5.1
3633,0,-7.4
3634,1,0.0
3635,0,7.0
3636,0,-8.2
3637,0,7.699999999999999
3638,1,-12.3
3639,0,-4.9
3640,1,11.7
3641,0,-11.9
3642,0,-1.1999999999999997
3643,0,-11.600000000000001
3644,0,-8.899999999999999
3645,1,17.9
3646,1,-17.9
3647,0,-0.39999999999999947
3648,0,-9.5
3649,0,4.7
3650,1,0.0
3651,1,2.1999999999999993
3652,1,5.6
3653,0,-2.5000000000000004
3654,1,13.7
3655,1,-13.8
3656,0,-4.800000000000001
3657,1,13.5
3658,1,-9.8
3659,0,-15.1
3660,0,-0.3999999999999999
3661,1,2.3
3662,1,-8.2
3663,0,5.3
3664,1,5.300000000000001
3665,0,-24.6
3666,1,-17.8
3667,1,22.1
3668,1,-7.3999999999999995
3669,1,2.8000000000000007
3670,1,6.6000000000000005
3671,1,1.8999999999999995
3672,1,-15.8
3673,1,-0.3000000000000007
3674,1,-4.1
3675,1,17.0
3676,1,7.199999999999999
3677,0,-7.5
3678,0,-2.0
3679,0,1.7999999999999998
3680,0,-2.8
3681,1,11.3
3682,0,6.9
3683,1,12.6
3684,1,6.4
3685,1,3.0
3686,1,8.3
3687,1,12.399999999999999
3688,0,5.3
3689,0,-5.3
3690,0,-20.5
3691,0,11.4
3692,1,-9.1
3693,0,2.8000000000000003
3694,1,6.3
3695,1,-1.0
3696,1,-5.5
3697,0,9.1
3698,0,0.40000000000000036
3699,1,2.0
3700,1,-14.0
3701,1,6.4
3702,1,-9.899999999999999
3703,1,-6.6
3704,1,5.8
3705,0,7.8
3706,0,-13.6
3707,0,6.8
3708,1,1.5999999999999999
3709,1,-2.500000000000001
3710,0,11.4
3711,1,8.5
3712,1,-0.5
3713,1,6.300000000000001
3714,1,-7.4
3715,1,4.6
3716,1,0.9000000000000004
3717,1,0.2999999999999998
3718,1,-0.2999999999999998
3719,0,1.6
3720,1,6.7
3721,0,4.800000000000001
3722,0,-8.3
3723,1,9.3
3724,0,-3.5999999999999996
3725,0,-11.399999999999999
3726,0,-8.7
3727,0,0.6000000000000001
3728,1,-4.299999999999999
3729,0,-6.9
3730,1,-9.4
3731,1,-8.5
3732,0,-6.999999999999999
3733,1,-2.3999999999999995
3734,1,-11.1
3735,0,-8.0
3736,1,0.7000000000000001
3737,0,-12.2
3738,0,10.9
3739,1,-0.20000000000000018
3740,0,-6.699999999999999
3741,1,3.2
3742,1,11.2
3743,1,-6.0
3744,1,18.2
3745,1,13.3
3746,0,0.7999999999999999
3747,0,-6.199999999999999
3748,0,-5.300000000000001
3749,0,-4.1
3750,0,-0.29999999999999893
3751,0,-9.4
3752,1,-10.3
3753,1,2.299999999999999
3754,1,-8.600000000000001
3755,1,-2.5
3756,1,4.200000000000001
3757,1,-9.4
3758,1,-6.4
3759,1,3.2
3760,1,-3.6999999999999993
3761,1,4.4
3762,1,0.6000000000000001
3763,1,-0.7999999999999998
3764,0,0.2999999999999998
3765,1,11.5
3766,1,0.0
3767,1,-0.9000000000000001
3768,0,2.0
3769,1,-8.6
3770,0,-10.399999999999999
3771,1,-3.4
3772,1,-2.5999999999999996
3773,0,-0.1999999999999993
3774,0,-0.2999999999999998
3775,1,0.6000000000000001
3776,1,0.9999999999999991
3777,1,-2.0
3778,0,2.9000000000000004
3779,1,0.8999999999999999
3780,0,1.3999999999999995
3781,0,-4.7
3782,1,2.2
3783,1,-7.199999999999999
3784,0,-7.7
3785,1,4.1000000000000005
3786,0,9.4
3787,0,-9.6
3788,0,-2.9000000000000004
3789,1,-5.1
3790,1,3.0
3791,0,3.6999999999999997
3792,1,1.0999999999999996
3793,0,-4.2
3795,0,-7.2
3796,0,0.10000000000000009
3797,1,-7.7
3798,1,8.4
3799,1,-6.5
3801,1,1.2
3802,1,36.92
3803,1,9.8
3804,0,-0.2999999999999998
3805,0,5.0
3806,0,5.7
3807,0,-10.399999999999999
3808,1,8.2
3809,0,-18.8
3810,0,4.300000000000001
3811,0,4.800000000000001
3812,0,7.199999999999999
3813,0,-7.5
3814,0,-10.5
3815,1,0.7999999999999998
3816,0,1.7
3819,0,-6.6
3820,0,9.5
3821,1,2.2
3822,0,-10.719999999999999
3823,1,15.16
3824,0,3.1999999999999997
3825,1,-8.200000000000001
3826,0,8.6
3827,1,4.6
3828,1,6.0
3829,0,-5.1000000000000005
3830,0,16.819999999999997
3831,0,12.100000000000001
3832,0,-3.0
3833,0,5.5
3834,1,11.2
3836,1,-5.8
3837,0,-2.4
3838,1,-3.7
3839,0,-4.619999999999999
3840,1,2.5
3841,0,-7.5
3842,0,0.3999999999999999
3843,1,-9.6
3844,1,20.8
3845,1,-4.8
3846,0,-3.6
3847,0,-6.2
3848,1,-14.759999999999998
3849,1,15.02
3850,0,22.32
3851,1,-3.7
3852,0,-8.600000000000001
3853,0,-9.700000000000001
3854,0,-6.5
3855,1,-6.159999999999999
3856,1,9.3
3857,0,-0.8999999999999999
3858,0,-2.8600000000000003
3859,1,-6.9
3860,1,6.8
3861,1,1.0
3862,0,2.9
3863,0,13.3
3864,1,17.0
3865,1,2.2
3866,0,-4.9
3867,0,3.3199999999999994
3868,1,-3.4
3869,0,23.8
3870,1,-5.8
3871,1,-2.0999999999999996
3872,1,-5.039999999999999
3873,0,3.94
3874,1,1.0
3875,1,-6.6
3876,0,3.9
3877,1,-4.300000000000001
3878,0,-21.52
3879,0,10.1
3880,1,17.6
3881,0,8.24
3882,0,-0.3999999999999999
3883,0,-7.32
3884,1,-0.8399999999999994
3885,0,6.6
3886,1,-5.699999999999999
3887,1,-8.4
3888,0,-2.1
3889,0,12.600000000000001
3890,1,-8.9
3891,1,10.54
3892,1,-6.0
3893,0,-5.120000000000001
3894,0,2.5
3895,0,11.8
3896,1,2.8
3897,1,-10.0
3898,0,-5.76
3899,1,-2.8
3900,0,7.12
3901,0,15.32
3902,0,1.6
3903,0,5.300000000000001
3904,1,3.500000000000001
3905,0,8.7
3906,1,5.699999999999999
3907,0,11.2
3908,1,-7.2
3909,1,-8.5
3910,1,0.06000000000000005
3911,1,8.5
3912,1,1.7000000000000002
3913,0,5.5
3914,1,14.559999999999999
3915,1,-10.0
3916,1,1.8
3917,1,-2.9200000000000004
3918,1,6.799999999999999
3919,1,4.16
3920,1,0.0
3921,1,18.22
3922,0,-5.199999999999999
3923,1,8.6
3924,1,-1.4
3925,1,5.799999999999999
3926,0,-13.1
3927,1,2.66
3928,1,-4.3
3929,0,-10.7
3930,0,7.0
3931,1,9.88
3932,1,-0.8999999999999999
3933,0,0.6000000000000001
3934,1,15.9
3935,1,-2.9
3936,1,-1.7999999999999998
3937,1,-18.0
3938,1,6.160000000000001
3939,0,-11.0
3940,0,-2.0399999999999996
3941,1,-6.5
3942,0,0.20000000000000018
3943,1,-11.7
3944,0,0.8999999999999995
3945,0,-7.04
3946,1,-13.120000000000001
3947,1,1.5999999999999996
3948,1,-4.0
3949,0,-5.7
3950,1,-7.3999999999999995
3951,1,-9.5
3952,1,-4.6
3953,1,5.359999999999999
3954,1,5.4
3955,1,-6.4
3956,1,-16.0
3957,0,-3.38
3958,1,1.5999999999999999
3959,1,9.7
3960,1,-5.3
3961,1,-0.10000000000000009
3962,0,-13.02
3963,1,-6.300000000000001
3964,1,3.6200000000000006
3965,0,-6.6
3966,1,12.760000000000002
3967,1,5.4
3968,1,1.0
3969,0,-10.9
3970,1,3.2
3971,0,-0.8999999999999999
3972,0,-1.2000000000000002
3973,1,-13.899999999999999
3974,1,0.09999999999999964
3975,0,1.3
3976,1,10.0
3977,0,6.7
3978,1,-7.199999999999999
3979,1,6.0
3980,0,7.0
3981,0,8.3
3982,1,-2.8600000000000003
3983,0,-16.4
3984,1,8.1
3985,0,-1.0999999999999999
3986,1,-2.6
3987,1,1.7999999999999998
3988,1,-3.5
3989,1,0.7000000000000002
3990,0,2.2
3991,0,0.9000000000000004
3992,0,-8.6
3993,0,7.2
3994,0,-3.7
3995,1,11.7
3996,1,7.0
3997,1,3.5000000000000004
3998,0,-1.3000000000000003
3999,0,-4.3
4000,1,-4.3
4001,1,5.2
4002,0,-8.7
4003,1,4.7
4004,0,-18.299999999999997
4005,1,9.1
4006,0,-9.1
4007,0,0.8999999999999995
4008,0,-0.43999999999999995
4009,1,-9.2
4010,1,-9.4
4011,1,6.5
4012,0,4.7
4013,1,-7.6
4014,1,-11.0
4015,1,-6.4
4016,0,-0.14
4017,0,-9.54
4018,1,-14.8
4019,0,1.7000000000000002
4020,1,-7.0
4021,1,12.7
4022,1,3.2
4023,0,-1.7000000000000002
4024,0,-6.6
4025,0,-10.5
4026,1,-11.0
4027,0,-8.8
4028,1,0.96
4029,1,12.899999999999999
4030,1,14.04
4031,0,-2.94
4032,1,-8.9
4033,0,-10.799999999999999
4034,0,-1.7000000000000002
4035,1,7.2
4036,1,-1.1
4037,0,0.6000000000000001
4038,1,-9.5
4039,1,8.14
4040,1,-0.7999999999999998
4041,1,-8.5
4042,1,3.0
4043,0,-6.6
4044,1,-15.6
4045,1,-12.8
4046,1,-14.7
4047,1,-5.6
4048,1,0.5
4049,1,10.6
4050,1,6.8
4051,0,-7.1
4052,1,-9.7
4053,1,1.6
4054,0,-15.14
4055,1,4.199999999999999
4056,0,-4.26
4057,1,-0.7000000000000002
4058,0,2.66
4059,1,-8.7
4060,1,-13.8
4061,0,11.1
4062,1,2.5399999999999996
4063,0,10.700000000000001
4064,0,-12.0
4065,0,3.0999999999999996
4066,1,-0.39999999999999947
4067,1,-6.300000000000001
4068,0,-3.1999999999999997
4069,0,9.26
4070,1,-4.8
4071,1,-2.8
4072,1,0.5
4073,1,10.9
4074,1,1.5
4075,0,9.4
4076,0,9.3
4077,1,-0.7000000000000002
4078,1,5.3
4079,0,-4.340000000000001
4080,0,-4.6
4081,0,2.9
4082,0,-9.799999999999999
4083,1,-2.8
4084,1,13.7
4085,0,-3.4
4086,1,9.2
4087,1,13.2
4088,1,1.2999999999999998
4089,1,-0.5999999999999996
4090,1,3.06
4091,0,-5.94
4092,1,-6.84
4093,1,0.7999999999999998
4094,1,-3.0
4095,1,0.5
4096,0,-8.6
4097,0,-1.5999999999999996
4098,0,-2.7
4099,1,14.100000000000001
4100,1,6.300000000000001
4101,0,7.5
4102,1,-7.199999999999999
4103,1,1.4999999999999998
4104,1,1.4999999999999996
4105,1,9.8
4106,1,7.26
4107,0,-7.1
4108,1,9.9
4109,0,0.4600000000000004
4110,1,17.2
4111,1,7.62
4112,1,1.7000000000000002
4113,1,-0.8000000000000003
4114,1,1.6999999999999997
4115,1,-11.64
4116,1,-2.2
4117,1,5.3
4118,0,3.06
4119,0,-5.199999999999999
4120,1,-1.8999999999999995
4121,1,4.5
4122,0,10.440000000000001
4123,1,5.4799999999999995
4124,1,-6.5200000000000005
4125,1,-5.800000000000001
4126,0,1.9
4127,0,-2.4999999999999996
4128,1,6.840000000000002
4129,0,9.8
4130,0,-4.9399999999999995
4131,0,8.36
4132,0,-19.9
4133,1,-1.9000000000000001
4134,1,-12.5
4135,1,0.3999999999999999
4136,1,2.04
4137,1,-6.4
4138,1,-5.279999999999999
4139,1,2.66
4140,1,7.8999999999999995
4141,0,1.46
4142,0,-11.8
4143,0,-1.1600000000000001
4144,1,-6.680000000000001
4145,1,0.29999999999999993
4146,1,-2.3000000000000003
4147,1,-5.6
4148,0,-5.0600000000000005
4149,1,-4.0
4150,1,6.4
4151,0,-11.7
4152,1,-3.6
4153,1,-4.16
4154,0,-0.9000000000000001
4155,1,7.8999999999999995
4156,1,-0.30000000000000004
4157,0,-6.58
4158,0,-7.76
4159,0,0.8800000000000001
4160,1,0.7
4161,0,-4.0
4162,1,15.799999999999999
4163,0,2.2
4164,1,2.4
4165,0,-1.2999999999999998
4166,1,8.76
4167,1,7.2
4168,1,-5.28
4169,1,9.42
4170,0,-4.5600000000000005
4171,1,3.5999999999999996
4172,0,-5.4
4173,1,-6.4
4174,0,0.09999999999999964
4175,1,12.299999999999999
4176,1,-2.7
4177,1,5.1
4178,1,9.7
4179,1,6.2
4180,1,-4.12
4181,1,-2.8
4182,1,12.1
4183,0,-4.539999999999999
4184,1,0.9399999999999995
4185,0,2.5
4186,1,3.8000000000000003
4187,1,-7.800000000000001
4188,1,-5.8999999999999995
4189,0,-4.5
4190,1,14.34
4191,0,-22.4
4192,1,2.1
4193,1,6.4
4194,0,13.5
4195,1,-3.8200000000000003
4196,1,-3.6
4197,1,-9.0
4198,1,-5.0600000000000005
4199,0,11.3
4200,1,10.5
4201,0,-7.0
4202,0,6.4
4203,0,2.5
4204,1,7.3599999999999985
4205,0,-3.8
4206,0,0.09999999999999998
4207,1,7.9
4208,0,-24.6
4209,0,-6.1
4210,1,-8.18
4211,0,-7.1
4212,0,-9.5
4213,1,-4.36
4214,1,13.399999999999999
4215,0,3.18
4216,0,-5.6
4217,0,7.76
4218,0,-12.9
4219,0,-15.66
4220,1,3.6999999999999997
4221,1,-7.7
4222,1,-9.8
4223,0,-3.1999999999999997
4224,1,-1.92
4225,0,2.0
4226,1,14.7
4227,1,-10.459999999999999
4228,1,-3.3000000000000003
4229,1,4.659999999999999
4230,1,-7.0
4231,1,-4.0
4232,0,-1.5999999999999996
4233,1,8.899999999999999
4234,1,0.6199999999999999
4235,1,4.300000000000001
4236,1,-3.7
4237,0,-4.6
4238,1,-2.8000000000000003
4239,1,-14.5
4240,1,5.32
4241,1,-11.36
4242,1,5.7
4243,0,-7.9
4244,1,9.0
4245,0,3.079999999999999
4246,0,-0.7
4247,0,-1.2000000000000002
4248,1,-3.9
4249,1,-3.0200000000000005
4250,1,7.58
4251,0,-9.22
4252,1,-3.4
4253,1,4.300000000000001
4254,0,11.8
4255,0,1.5
4256,1,-8.600000000000001
4257,1,-4.5
4258,0,-3.5
4259,1,8.6
4260,1,-10.9
4261,1,-4.02
4262,1,8.299999999999999
4263,1,-9.5
4264,1,0.19999999999999973
4265,1,-17.7
4266,1,1.6
4267,0,-3.1200000000000006
4268,1,-16.0
4269,1,7.6000000000000005
4270,0,-8.5
4271,1,-2.5
4272,1,-4.3
4273,1,-13.4
4274,1,1.1999999999999997
4275,1,0.8999999999999995
4276,0,-6.1000000000000005
4277,1,2.5
4278,0,-1.7999999999999998
4279,1,-2.1000000000000005
4280,0,-5.5
4281,0,-2.0
4282,0,-1.2
4283,1,7.9
4284,1,-13.32
4285,0,-4.1000000000000005
4286,0,-10.9
4287,0,2.4
4288,0,0.19999999999999996
4289,1,-3.8000000000000003
4290,1,2.8
4291,1,9.72
4292,1,-0.30000000000000027
4293,0,-7.5
4294,0,3.1999999999999997
4295,0,11.8
4296,0,-4.7
4297,0,-4.6
4298,1,-3.6
4299,1,-4.3
4300,0,-3.0999999999999996
4301,1,-3.1
4302,1,-17.6
4303,1,2.7
4304,0,-2.9
4305,1,-1.8
4306,0,-8.299999999999999
4307,1,3.8
4308,0,-15.219999999999999
4309,1,13.5
4310,0,-10.1
4311,0,6.3
4312,0,-3.4
4313,1,7.4
4314,1,-2.5
4315,1,-2.4
4316,1,10.0
4317,1,-2.6
4318,1,-1.9
4319,0,4.199999999999999
4320,0,14.700000000000001
4321,1,5.5
4322,1,-4.6
4323,0,2.0000000000000004
4324,0,3.6
4325,1,9.200000000000001
4326,0,8.2
4327,1,-9.700000000000001
4328,0,-3.1999999999999997
4329,1,-4.4
4330,1,5.4
4331,1,6.0
4332,1,8.0
4333,0,2.4000000000000004
4334,1,6.5
4335,1,2.3
4336,0,0.30000000000000004
4337,0,-6.4
4338,0,4.5200000000000005
4339,0,14.0
4340,1,5.699999999999999
4341,1,9.8
4342,1,1.0
4343,1,2.5
4344,0,-4.2
4345,1,-3.5
4346,0,6.4
4347,0,9.2
4348,1,-1.0
4349,1,9.399999999999999
4350,0,-0.28
4351,0,5.5
4352,1,3.7
4353,0,13.899999999999999
4354,0,-3.5
4355,0,-9.1
4356,1,-19.0
4357,0,8.7
4358,1,6.6
4359,1,4.2
4360,1,0.7000000000000001
4361,1,0.29999999999999993
4362,1,-1.7
4363,1,11.8
4364,1,-5.699999999999999
4365,0,2.6999999999999997
4366,0,-10.8
4367,0,-2.5
4368,0,-4.1
4369,1,-12.200000000000001
4370,0,-6.199999999999999
4371,1,2.9000000000000004
4372,1,3.0999999999999996
4373,0,11.5
4374,1,-12.7
4375,0,14.899999999999999
4376,1,3.0
4377,1,0.8000000000000003
4378,1,0.20000000000000018
4379,1,-3.3
4380,1,-4.1
4381,1,-14.9
4382,1,-7.8999999999999995
4383,1,2.9
4384,1,1.3000000000000003
4385,0,-11.1
4386,1,-2.8000000000000003
4387,1,-2.8
4388,1,-7.800000000000001
4389,0,-9.9
4390,1,4.2
4391,1,-11.8
4392,1,-7.4
4393,1,1.5999999999999996
4394,0,2.8
4395,1,-2.3
4396,1,-3.3
4397,1,5.1000000000000005
4398,0,1.3
4399,1,-6.999999999999999
4400,1,0.20000000000000018
4401,0,5.1
4402,0,-7.0
4403,0,-7.699999999999999
4404,1,-6.2
4405,0,-15.5
4406,1,7.3
4407,0,-10.899999999999999
4408,0,-3.2
4409,0,-8.3
4410,0,-6.0
4411,1,11.3
4412,1,3.0
4413,0,-11.1
4414,0,3.3
4415,0,-4.3
4416,1,8.0
4417,1,6.3
4418,1,9.600000000000001
4419,1,-4.0
4420,1,8.1
4421,1,3.4
4422,1,-6.9
4423,1,14.0
4424,0,1.6
4425,1,-11.3
4426,1,-3.3
4427,1,15.399999999999999
4428,0,3.8
4429,0,1.1
4430,1,6.1000000000000005
4431,1,-17.2
4432,0,-14.3
4433,1,-3.8
4434,1,5.800000000000001
4435,0,5.6000000000000005
4436,1,9.9
4437,1,-2.5
4438,1,-4.0
4439,0,4.9
4440,0,-7.7
4441,1,0.10000000000000009
4442,0,-6.500000000000001
4443,1,-0.7999999999999999
4444,1,-3.5999999999999996
4445,1,1.6999999999999993
4446,0,-8.3
4447,0,5.1
4448,1,-4.3
4449,1,5.1
4450,0,-6.1
4451,0,7.1000000000000005
4452,1,2.9
4453,0,-10.1
4454,1,5.3
4455,1,-1.0
4456,0,-7.4
4457,0,0.09999999999999987
4458,0,-1.6
4459,1,-1.9999999999999998
4460,1,6.1
4461,0,-5.6
4462,0,-1.7
4463,0,-12.7
4464,1,5.0
4465,1,1.9000000000000001
4466,0,-10.9
4467,0,-8.600000000000001
4468,0,3.7
4469,1,12.2
4470,1,7.0
4471,1,1.7000000000000002
4472,0,13.100000000000001
4473,1,-1.0999999999999999
4474,1,-4.300000000000001
4475,0,4.1
4476,1,-0.6000000000000001
4477,1,4.8
4478,0,5.3999999999999995
4479,1,-2.4999999999999996
4480,1,13.3
4481,1,10.399999999999999
4482,1,14.3
4483,1,15.9
4484,1,-9.8
4485,0,6.7
4486,1,-1.7000000000000002
4487,1,1.7
4488,1,2.9
4489,0,4.0
4490,1,8.9
4491,0,1.6
4492,0,1.7999999999999998
4493,0,-0.8
4494,1,5.4
4495,1,3.6
4496,0,1.2999999999999998
4497,0,-6.9
4498,0,-4.1000000000000005
4499,0,4.300000000000001
4500,1,6.7
4501,1,12.4
4502,0,-13.5
4503,0,0.6000000000000001
4504,0,-4.199999999999999
4505,1,8.6
4506,0,-12.3
4507,1,-1.5999999999999999
4508,1,1.3
4509,0,3.6
4510,0,-3.7
4511,1,8.7
4512,0,2.5999999999999996
4513,1,3.0
4514,1,0.9999999999999999
4515,0,-8.5
4516,1,15.5
4517,0,-13.899999999999999
4518,0,-1.1
4519,0,-12.3
4520,1,18.900000000000002
4521,1,-0.39999999999999997
4522,0,1.7999999999999998
4523,0,5.7
4524,1,-8.100000000000001
4525,0,1.7
4526,1,-6.3
4527,1,17.2
4528,1,-3.5
4529,0,-6.5
4530,1,7.300000000000001
4531,1,-14.100000000000001
4532,1,7.5
4533,0,-4.199999999999999
4534,0,-8.5
4535,0,-4.0
4536,1,12.5
4537,0,4.1
4538,0,-6.0
4539,1,9.9
4540,1,5.800000000000001
4541,0,-4.199999999999999
4542,1,3.8
4543,1,-16.0
4544,1,0.6000000000000001
4545,0,-10.7
4546,1,-1.700000000000001
4547,1,15.200000000000001
4548,1,-2.0
4549,1,-5.2
4550,1,-13.2
4551,0,0.9999999999999998
4552,1,-10.4
4553,0,1.3
4554,0,-1.200000000000001
4555,1,-3.6000000000000005
4556,0,3.5999999999999996
4557,0,9.2
4558,0,-5.0
4559,1,5.9
4560,1,4.0
4561,1,17.4
4562,1,7.8
4563,0,1.5
4564,0,-1.9999999999999998
4565,1,-1.1
4566,1,-19.4
4567,0,-0.6000000000000001
4568,0,1.700000000000001
4569,1,5.6
4570,1,0.3999999999999999
4571,0,-7.300000000000001
4572,1,-0.8999999999999986
4573,1,6.7
4574,1,-10.2
4575,1,-15.9
4576,1,-11.399999999999999
4577,0,5.699999999999999
4578,0,-8.5
4579,0,-17.8
4580,1,-5.799999999999999
4581,1,-0.5
4582,1,-2.5
4583,0,-7.3
4584,0,-11.700000000000001
4585,1,-11.1
4586,1,-4.4
4587,1,2.2
4588,0,10.1
4589,1,6.3
4590,0,6.8
4591,1,-4.2
4592,1,6.6
4593,1,-10.899999999999999
4594,0,9.6
4595,0,6.2
4596,0,-12.3
4597,0,0.9999999999999996
4598,1,8.5
4599,1,3.9
4600,1,-1.6
4601,0,-8.1
4602,1,-4.2
4603,1,4.1
4604,1,6.0
4605,0,3.0
4606,1,-1.0999999999999999
4607,0,-2.5
4608,1,-4.6000000000000005
4609,0,-3.8
4610,0,-3.0000000000000004
4611,1,-8.700000000000001
4612,0,-10.0
4613,0,-0.10000000000000009
4614,1,5.4
4615,1,-5.5
4616,1,9.6
4617,1,11.1
4618,1,-10.7
4619,1,-0.9
4620,0,6.4
4621,0,-5.800000000000001
4622,0,9.8
4623,1,-0.5999999999999999
4624,1,4.6
4625,1,-2.5
4626,0,-13.2
4627,1,16.700000000000003
4628,0,1.7000000000000002
4629,0,0.5
4630,0,-1.1
4631,1,12.9
4632,1,4.1000000000000005
4633,0,-3.0
4634,1,-16.1
4635,1,2.5
4636,1,4.4
4637,0,-22.6
4638,0,0.19999999999999996
4639,1,-0.6000000000000001
4640,0,-9.200000000000001
4641,1,0.7000000000000002
4642,1,-5.3
4643,1,2.9
4644,1,7.5
4645,1,7.800000000000001
4646,1,0.20000000000000018
4647,1,-1.1000000000000005
4648,0,-1.5999999999999996
4649,0,-16.6
4650,0,0.5999999999999996
4651,0,4.4
4652,1,-17.299999999999997
4653,0,-8.9
4654,0,7.9
4655,1,-8.9
4656,0,-7.3
4657,1,1.2000000000000002
4658,0,-6.0
4659,1,11.1
4660,1,-10.299999999999999
4661,1,4.8999999999999995
4662,1,0.0
4663,1,1.9
4664,1,-9.7
4665,1,-14.0
4666,0,-4.7
4667,0,-13.5
4668,0,-5.6
4669,1,-4.6
4670,0,-7.3
4671,1,-5.199999999999999
4672,0,4.199999999999999
4673,0,-9.7
4674,1,17.6
4675,0,-6.7
4676,0,-9.2
4677,0,-1.7999999999999998
4678,1,-6.0
4679,0,-4.7
4680,1,-2.7
4681,0,-8.0
4682,0,3.8000000000000003
4683,1,-14.8
4684,0,6.1
4685,1,-4.4
4686,1,7.999999999999999
4687,0,-9.4
4688,1,8.3
4689,1,0.6000000000000001
4690,1,16.7
4691,0,-0.7
4692,1,16.8
4693,1,-4.8
4694,1,-7.2
4695,0,-11.6
4696,1,-8.1
4697,1,4.9
4698,1,8.4
4699,0,-1.7
4700,1,6.100000000000001
4701,1,-8.4
4702,0,-11.0
4703,0,-13.799999999999999
4704,0,5.6
4705,0,-2.0
4706,0,-3.0999999999999996
4707,1,11.3
4708,1,-0.8999999999999999
4709,0,-5.5
4710,1,16.3
4711,1,9.4
4712,0,3.4000000000000004
4713,1,11.100000000000001
4714,1,-0.9
4715,0,-11.399999999999999
4716,0,6.2
4717,1,7.3
4718,1,12.1
4719,1,9.3
4720,0,3.0999999999999996
4721,1,-3.2
4722,0,0.40000000000000013
4723,0,-3.3999999999999995
4724,1,-10.799999999999999
4725,1,29.4
4726,0,-2.8
4727,1,3.4
4728,1,3.0999999999999996
4729,0,1.0
4730,1,7.300000000000001
4731,1,6.8999999999999995
4732,1,0.6000000000000001
4733,0,-3.0
4734,1,3.1
4735,1,-0.7000000000000002
4736,1,-5.0
4737,1,2.2
4738,1,-1.6
4739,1,11.3
4740,1,10.4
4741,0,1.2000000000000002
4742,1,-8.1
4743,1,12.7
4744,1,-8.700000000000001
4745,0,-9.3
4746,0,-0.20000000000000018
4747,0,-3.5
4753,1,5.8
4754,1,-3.9000000000000004
4755,1,3.8
4756,1,-8.8
4757,1,14.2
4758,1,5.199999999999999
4759,0,-15.600000000000001
4760,0,6.699999999999999
4761,1,2.5
4762,0,1.7999999999999998
4763,1,-9.7
4764,1,1.1999999999999997
4765,1,-2.4
4766,1,12.299999999999999
4767,0,-0.49999999999999994
4768,0,4.8
4769,1,12.299999999999999
4770,1,-7.2
4771,1,6.9
4772,0,-11.3
4773,0,-5.1
4774,1,11.8
4775,1,-0.7000000000000002
4776,0,8.3
4777,1,-0.10000000000000009
4778,1,5.1
4779,1,2.5
4780,1,5.700000000000001
4781,1,10.8
4782,1,8.3
4783,0,2.6
4784,0,4.3
4785,1,10.3
4786,0,-1.4000000000000001
4787,0,9.1
4788,1,3.6000000000000005
4789,1,-1.7000000000000002
4790,0,2.6
4791,1,-2.8000000000000003
4792,0,-20.700000000000003
4793,1,1.0999999999999999
4794,0,7.4
4795,0,-18.2
4796,0,2.7
4797,0,3.7
4798,0,12.1
4799,1,4.1
4800,0,2.6
4801,1,10.200000000000001
4802,0,-20.0
4803,0,-2.3
4804,1,-6.1000000000000005
4805,0,-3.5999999999999996
4806,1,15.5
4807,0,-7.8999999999999995
4808,0,-10.2
4809,1,-1.4
4810,1,5.3
4811,1,-1.9000000000000004
4812,1,-8.9
4813,1,2.4000000000000004
4814,0,2.3
4815,1,-1.4
4816,0,-0.19999999999999996
4817,1,7.0
4818,0,-18.3
4819,0,14.3
4820,1,3.6999999999999997
4821,0,-5.7
4822,1,7.0
4823,1,15.7
4824,0,8.7
4825,0,7.399999999999999
4826,0,1.5999999999999999
4827,0,4.5
4828,1,-6.699999999999999
4829,0,-8.1
4830,1,-4.199999999999999
4831,1,-4.6
4832,0,7.3
4833,0,-9.100000000000001
4834,0,-2.9000000000000004
4835,1,-8.7
4836,1,9.8
4837,1,-5.300000000000001
4838,0,4.8
4839,0,-3.2
4840,1,8.0
4841,0,-8.9
4842,1,5.3999999999999995
4843,1,-7.6
4844,1,3.6
4845,1,0.6000000000000005
4846,1,-3.6000000000000005
4847,0,-8.0
4848,0,-10.200000000000001
4849,0,-2.6000000000000005
4850,0,13.1
4851,0,-12.2
4852,1,7.4
4853,1,0.5999999999999996
4854,1,-2.3000000000000003
4855,0,-10.5
4856,1,6.2
4857,0,5.3
4858,1,-8.4
4859,0,-2.4
4860,0,-5.5
4861,1,15.9
4862,1,7.300000000000001
4863,0,-0.09999999999999964
4864,1,-1.5
4865,1,-7.800000000000001
4866,0,-1.0
4867,1,-10.6
4868,1,14.399999999999999
4869,1,-15.7
4870,0,3.0
4871,1,4.7
4872,0,-0.7999999999999999
4873,0,3.799999999999999
4874,1,-12.100000000000001
4875,0,-14.2
4876,1,-9.5
4877,0,4.7
4878,1,2.1
4879,1,2.1999999999999997
4880,0,-7.2
4881,0,-8.8
4882,0,-3.4000000000000004
4883,1,7.699999999999999
4884,1,1.5999999999999996
4885,0,-9.4
4886,0,5.3
4887,0,-2.5999999999999996
4888,0,4.7
4889,1,-12.8
4890,1,-5.299999999999999
4891,0,-4.2
4892,0,-3.4
4893,1,-4.2
4894,1,-9.7
4895,1,-4.5
4896,1,-0.39999999999999947
4897,0,-2.8999999999999995
4898,0,-4.0
4899,1,4.9
4900,0,-9.899999999999999
4901,1,-5.6000000000000005
4902,0,-13.0
4903,0,-1.7999999999999998
4904,0,-5.5
4905,0,-1.1
4906,1,-10.0
4907,0,-0.09999999999999964
4908,1,-5.2
4909,1,-7.5
4910,0,-5.9
4911,0,-4.4
4912,1,-5.6
4913,1,7.6
4914,0,7.2
4915,1,5.7
4916,0,-8.4
4917,0,-10.8
4918,0,1.2999999999999998
4919,1,-2.7
4920,0,-9.7
4921,1,1.2000000000000002
4922,1,7.0
4923,1,-0.30000000000000004
4924,0,-6.8
4925,0,-10.1
4926,1,7.2
4927,1,0.5999999999999999
4928,0,4.5
4929,1,5.5
4930,1,-4.5
4931,0,-3.0
4932,0,-6.2
4933,1,-3.6
4934,1,4.9
4935,1,4.699999999999999
4936,0,-9.3
4937,0,2.8
4938,1,-2.1
4939,1,4.0
4940,0,6.0
4941,0,9.4
4942,0,0.3999999999999999
4943,1,-7.699999999999999
4944,1,-6.5
4945,1,0.0
4946,0,-0.10000000000000009
4947,0,-3.5
4948,0,-8.8
4949,1,0.2999999999999998
4950,1,6.5
4951,0,1.0
4952,1,2.5
4953,0,4.3
4954,0,-8.299999999999999
4955,0,-8.1
4956,1,0.30000000000000027
4957,1,-0.8
4958,0,9.2
4959,1,-1.2
4960,1,10.399999999999999
4961,1,-3.3
4962,1,-0.4
4963,1,11.2
4964,0,-5.1
4965,1,4.8
4966,0,7.6
4967,1,-1.9000000000000001
4968,1,-17.2
4969,0,-9.8
4970,1,3.500000000000001
4971,0,-8.7
4972,1,7.3
4973,1,6.300000000000001
4974,1,11.0
4975,1,2.6
4976,1,-8.0
4977,0,0.6000000000000001
4978,1,-12.4
4979,1,8.0
4980,0,2.3000000000000003
4981,1,9.6
4982,0,2.4
4983,0,-6.800000000000001
4984,1,-3.2
4985,0,-7.1
4986,1,19.4
4987,1,16.8
4988,1,-4.199999999999999
4989,0,-0.7999999999999999
4990,0,2.5999999999999996
4991,0,-1.9000000000000004
4992,0,-16.4
4993,1,-2.0
4994,0,-15.700000000000001
4995,1,-8.9
4996,1,7.8
4997,0,-4.5
4998,1,9.2
4999,1,-5.6
5000,1,-19.9
5001,1,5.5
5002,0,2.6999999999999997
5003,1,-12.299999999999999
5004,0,-14.4
5005,0,2.0999999999999996
5006,0,-7.4
5007,0,1.5999999999999996
5008,1,3.4000000000000004
5009,1,8.5
5010,1,9.0
5011,1,10.5
5012,0,-12.8
5013,1,2.7
5014,0,-7.9
5015,0,-5.199999999999999
5016,1,-1.4
5017,0,-7.6
5018,0,-5.199999999999999
5019,0,-19.3
5020,1,-2.8
5021,1,-8.4
5022,1,16.0
5023,1,0.5
5024,1,-0.5
5025,0,3.6000000000000005
5026,0,-3.6999999999999997
5027,1,16.7
5028,1,2.000000000000001
5029,1,-1.7000000000000002
5030,1,9.1
5031,0,20.9
5032,0,-14.2
5033,1,-0.9000000000000001
5034,1,0.30000000000000004
5035,0,-3.0
5036,1,11.6
5037,0,17.3
5038,1,13.6
5039,1,-1.7999999999999998
5040,1,8.8
5041,0,-15.9
5042,1,-3.8
5043,1,5.699999999999999
5044,0,4.2
5045,0,-2.1
5046,0,-20.1
5047,1,-8.6
5048,0,6.200000000000001
5049,0,-7.300000000000001
5050,1,17.8
5051,1,22.200000000000003
5052,1,-15.2
5053,0,-8.7
5054,0,-12.5
5055,1,6.300000000000001
5056,0,7.1000000000000005
5057,1,-0.39999999999999947
5058,0,-14.7
5059,1,5.2
5060,1,-7.300000000000001
5061,1,-4.0
5062,1,10.3
5063,0,-16.8
5064,1,3.5999999999999996
5065,0,-0.5
5066,1,4.300000000000001
5067,0,-1.0
5068,1,-0.6999999999999993
5069,0,1.6
5070,0,-1.0
5071,0,8.1
5072,1,5.7
5073,1,-0.5999999999999996
5074,0,3.3000000000000007
5075,1,1.1999999999999997
5076,1,5.8999999999999995
5077,0,1.7999999999999998
5078,1,-8.3
5079,0,-2.3
5080,0,2.5
5081,1,-6.3
5082,1,16.1
5083,0,-13.1
5084,0,5.500000000000001
5085,0,17.099999999999998
5086,1,13.100000000000001
5087,0,8.9
5088,0,1.7999999999999998
5089,0,-20.4
5090,0,14.100000000000001
5091,1,-11.899999999999999
5092,1,-4.2
5093,1,14.3
5094,1,-9.2
5095,1,0.7000000000000002
5096,1,-1.0
5097,0,16.9
5098,1,9.399999999999999
5099,1,5.1000000000000005
5100,0,0.20000000000000018
5101,0,0.7000000000000002
5102,0,9.899999999999999
5103,1,0.06000000000000005
5104,1,-3.7
5105,1,11.7
5106,1,-6.199999999999999
5107,1,-8.700000000000001
5108,0,2.7
5109,0,-2.8000000000000007
5110,0,-1.8
5111,0,3.3999999999999995
5112,1,-3.2
5113,1,-1.6
5114,1,-7.6
5115,1,-1.0
5116,1,13.3
5117,1,3.1000000000000005
5118,1,1.5
5119,1,-9.2
5120,1,-10.1
5121,1,6.6
5122,0,-6.1
5123,0,-5.7
5124,1,-13.0
5125,1,-1.0999999999999996
5126,0,-1.4
5127,1,8.6
5128,1,6.0
5129,0,-5.9
5130,0,-3.6000000000000005
5131,1,8.8
5132,1,3.6
5133,1,-2.0
5134,0,-7.2
5135,1,12.2
5136,1,10.0
5137,0,9.0
5138,1,6.5
5139,1,1.5
5140,0,-4.9
5141,0,-13.8
5142,0,-13.3
5143,1,-9.1
5144,0,-4.7
5145,1,4.6
5146,0,16.0
5147,1,-1.6999999999999997
5148,0,-9.899999999999999
5149,0,-1.5
5150,1,2.7
5151,0,1.2000000000000002
5152,0,3.5
5153,1,-1.5
5154,1,1.2999999999999998
5155,1,0.7000000000000011
5156,1,-8.9
5157,0,-6.3999999999999995
5158,1,1.7999999999999998
5159,1,-5.300000000000001
5160,1,-7.1
5161,1,-8.3
5162,1,5.2
5163,1,5.199999999999999
